Record_Num,Date,Time,Count/Day,Non-Pups_Out,Non-Pups_inH2O,TotalNon-Pups,Pups_Out,Pups_inH2O,TotalPUPS,Observer,CountQual,Observer_Level,Exper,Sky,Precipitation
1,1992/06/17,09:44:00,1,2529,47,2576,407,9,416,EAM,3,0,1,CL,RN
2,1992/06/17,12:31:00,2,2561,8,2569,362,0,362,EAM,3,0,1,OC,DR
3,1992/06/17,17:01:00,3,2540,54,2594,502,5,507,EAM,4,0,1,OC,RN
4,1992/06/18,08:53:00,1,2527,23,2550,427,2,429,EAM,2,0,1,OC,DR
5,1992/07/18,10:52:00,2,2019,37,2056,0,0,0,EAM,2,0,2,CL,NO
6,1992/07/18,15:46:00,3,2271,28,2299,0,0,0,BPK,2,1,5,CL,NO
7,1992/07/18,15:49:00,3,2244,34,2278,0,0,0,EAM,3,0,2,CL,NO
8,1992/07/19,10:17:00,1,1270,47,1317,0,0,0,EAM,2,0,2,OC,RN
9,1992/07/19,16:09:00,2,1546,21,1567,0,0,0,EAM,2,0,2,OC,NO
10,1992/07/19,16:10:00,2,1649,18,1667,0,0,0,BPK,2,1,5,OC,NO
11,1992/07/20,10:25:00,1,2029,25,2054,0,0,0,EAM,3,0,2,CL,NO
12,1992/07/20,12:20:00,2,1962,15,1977,0,0,0,EAM,2,0,2,CL,NO
13,1992/07/20,15:21:00,3,2188,15,2203,0,0,0,EAM,1,0,2,PC,NO
14,1993/06/14,13:27:00,1,2915,3,2918,351,1,352,EAM,3,0,3,CL,NO
15,1994/06/16,16:19:00,1,2827,23,2850,475,6,481,EAM,3.5,0,5,PC,NO
16,1994/06/16,16:42:00,1,2932,34,2966,388,9,397,LBD,3.5,0,3,PC,NO
17,1994/06/16,18:40:00,2,2366,19,2385,407,6,413,EAM,3,0,5,PC,NO
18,1994/06/17,12:03:00,1,2078,19,2097,276,7,283,EAM,2.5,0,5,PC,NO
19,1994/06/17,17:44:00,2,2029,46,2075,523,21,544,EAM,3,0,5,PC,NO
20,1994/06/17,18:00:00,2,2042,110,2152,518,27,545,JD,3.5,1,1,PC,NO
21,1994/06/18,11:14:00,1,2655,18,2673,695,8,703,EAM,3.5,0,5,OC,NO
22,1994/06/18,11:31:00,1,2373,31,2404,870,9,879,JD,3,1,1,OC,NO
23,1994/06/18,17:02:00,2,2497,13,2510,664,3,667,EAM,3,0,5,OC,NO
24,1994/06/18,17:24:00,2,2672,38,2710,1170,11,1181,LBD,3.5,1,3,OC,NO
25,1994/06/19,12:52:00,1,2544,5,2549,720,2,722,EAM,3.5,0,5,CL,NO
26,1994/06/19,15:18:00,2,2811,8,2819,702,1,703,EAM,3,0,5,CL,NO
27,1994/06/20,11:36:00,1,2302,5,2307,512,0,512,EAM,2.5,0,5,OC,NO
28,1994/06/20,11:51:00,1,2313,7,2320,614,2,616,LBD,3.5,1,3,OC,NO
29,1994/06/20,15:31:00,2,2361,4,2365,662,0,662,EAM,3.5,0,5,OC,NO
30,1994/06/20,15:34:00,2,2885,12,2897,871,2,873,JD,3.5,1,1,OC,NO
31,1995/06/14,14:08:00,1,2578,9,2587,829,3,832,EAM,3,0,7,OC,NO
32,1995/06/14,14:19:00,1,2434,13,2447,632,4,636,LBD,2.5,0,4,OC,NO
33,1995/06/15,10:53:00,1,2032,2,2034,593,0,593,EAM,2,0,7,OC,NO
34,1995/06/15,11:15:00,1,2053,15,2068,792,5,797,LBD,2,0,4,OC,NO
35,1995/06/15,15:35:00,2,2281,2,2283,718,0,718,EAM,2,0,7,OC,NO
36,1995/06/16,11:45:00,1,2419,5,2424,770,1,771,EAM,2,0,7,OC,DR
37,1995/06/16,12:00:00,1,2345,8,2353,1045,1,1046,LBD,2,0,4,OC,DR
38,1995/06/16,16:07:00,2,2634,2,2636,754,0,754,EAM,3,0,7,OC,NO
39,1995/06/17,11:20:00,1,2707,9,2716,695,1,696,EAM,2,0,7,CL,NO
40,1995/06/17,12:01:00,1,2452,8,2460,869,1,870,LBD,3,0,4,CL,NO
41,1995/06/17,15:57:00,2,2614,9,2623,749,3,752,LBD,2.5,0,4,CL,NO
42,1995/06/18,09:43:00,1,1873,29,1902,495,17,512,LBD,4,0,4,CL,NO
43,1996/06/13,12:21:00,1,2823,8,2831,1180,0,1180,EAM,2.5,0,9,OC,RN
44,1996/06/13,12:41:00,1,3337,17,3354,939,0,939,LBD,3,0,7,OC,RN
45,1996/06/13,17:15:00,2,2357,3,2360,927,0,927,EAM,3.5,0,9,PC,NO
46,1996/06/14,10:28:00,1,2600,1,2601,902,1,903,EAM,3.5,0,9,OC,NO
47,1996/06/14,11:17:00,1,3082,5,3087,856,1,857,LBD,2.5,0,7,OC,NO
48,1996/06/15,12:51:00,1,2280,16,2296,936,6,942,EAM,2,0,9,OC,RN
49,1996/06/15,12:55:00,1,2084,65,2149,819,0,819,LBD,2.5,0,7,OC,RN
50,1996/06/16,12:08:00,1,2916,15,2931,1040,3,1043,EAM,2.5,0,9,CL,NO
51,1996/06/16,12:08:00,1,3169,18,3187,1125,9,1134,LBD,1.5,0,7,CL,NO
52,1996/06/17,13:54:00,1,3290,2,3292,1397,0,1397,EAM,1.5,0,9,OC,NO
53,1996/06/17,18:25:00,2,3557,33,3590,1215,11,1226,EAM,1.5,0,9,OC,NO
54,1996/06/17,18:36:00,2,3315,23,3338,1211,11,1222,LBD,3,0,7,OC,NO
55,1996/06/18,17:53:00,2,3749,16,3765,1221,2,1223,LBD,3,0,7,OC,NO
56,1996/06/19,12:00:00,1,3179,3,3182,963,2,965,LBD,4,0,7,OC,NO
57,1997/06/12,13:02:00,1,1836,7,1843,574,2,576,EAM,3.5,0,11,OC,NO
58,1997/06/12,13:14:00,1,2312,10,2322,919,4,923,LBD,3.5,0,9,OC,NO
59,1997/06/12,19:24:00,2,2194,9,2203,636,3,639,LBD,4,0,9,OC,NO
60,1997/06/13,11:17:00,1,2073,15,2088,573,6,579,EAM,3.5,0,11,OC,DR
61,1997/06/13,14:53:00,2,2085,11,2096,692,2,694,EAM,3,0,11,OC,DR
62,1997/06/13,15:07:00,2,2014,8,2022,708,3,711,LBD,2.5,0,9,OC,DR
63,1997/06/14,10:58:00,1,2102,3,2105,808,2,810,LBD,2.5,0,9,OC,NO
64,1997/06/14,11:00:00,1,2233,4,2237,1179,3,1182,BEL,4,1,1,OC,NO
65,1997/06/14,14:48:00,2,2297,3,2300,959,1,960,EAM,3,0,11,OC,NO
66,1997/06/14,14:57:00,2,2746,4,2750,937,1,938,LBD,3.5,0,9,OC,NO
67,1997/06/15,12:17:00,1,2582,3,2585,1077,1,1078,EAM,2.5,0,11,CL,NO
68,1997/06/15,12:43:00,1,2208,5,2213,869,1,870,LBD,3,0,9,CL,NO
69,1997/06/15,15:25:00,2,2263,2,2265,823,2,825,LBD,2.5,0,9,CL,NO
70,1997/06/15,15:33:00,2,2127,2,2129,757,2,759,BEL,3,1,1,CL,NO
71,1997/06/15,19:15:00,3,2011,7,2018,730,1,731,EAM,2,0,11,CL,NO
72,1997/06/16,11:21:00,1,2526,0,2526,835,0,835,LBD,3,0,9,PC,NO
73,1997/06/16,11:24:00,1,2564,6,2570,1079,0,1079,BAK,1,1,3,PC,NO
74,1997/06/16,15:43:00,2,2068,2,2070,632,1,633,BEL,3.5,1,1,CL,NO
75,1997/06/16,15:43:00,2,2649,0,2649,732,0,732,EAM,2,0,11,CL,NO
76,1997/06/17,11:02:00,1,2926,0,2926,1212,0,1212,LBD,2.5,0,9,OC,NO
77,1997/06/17,11:04:00,1,2858,1,2859,1412,0,1412,BEL,2.5,0,1,OC,NO
78,1997/06/17,15:25:00,2,2759,4,2763,999,2,1001,EAM,2.5,0,11,OC,DR
79,1997/06/17,15:40:00,2,2004,1,2005,874,0,874,BAK,3,1,3,OC,DR
80,1997/06/18,12:23:00,1,2496,1,2497,975,0,975,LBD,2,0,9,PC,NO
81,1997/06/18,12:46:00,1,2920,1,2921,1284,1,1285,BAK,2,1,3,PC,NO
82,1997/06/18,18:02:00,2,2402,2,2404,912,0,912,LBD,1.5,0,9,PC,NO
83,1997/06/18,18:25:00,2,2043,2,2045,837,0,837,BAK,3,1,3,PC,NO
84,1997/06/19,11:41:00,1,2622,0,2622,862,0,862,LBD,2,0,9,OC,NO
85,1997/06/19,12:03:00,1,1990,2,1992,835,0,835,BAK,3,1,3,OC,NO
86,1997/06/19,17:15:00,2,2473,4,2477,776,0,776,LBD,2.5,0,9,OC,NO
87,1997/06/19,17:19:00,2,2015,3,2018,734,0,734,BAK,4,1,3,OC,NO
88,1997/06/30,10:19:00,1,1387,14,1401,118,2,120,LBD,2.5,0,9,CL,NO
89,1997/06/30,10:30:00,1,1492,4,1496,284,0,284,BAK,4,0,3,CL,NO
90,1997/06/30,14:42:00,2,1894,8,1902,151,0,151,LBD,3,0,9,CL,NO
91,1997/06/30,14:51:00,2,2086,4,2090,97,0,97,BAK,3,0,3,CL,NO
92,1997/07/01,10:25:00,1,1660,9,1669,125,0,125,LBD,1.5,0,10,CL,NO
93,1997/07/01,10:33:00,1,1724,11,1735,129,0,129,BAK,2,0,4,CL,NO
94,1997/07/01,14:10:00,2,1630,7,1637,172,1,173,LBD,3,0,10,CL,NO
95,1997/07/01,14:21:00,2,1699,9,1708,136,0,136,BAK,3,0,4,CL,NO
96,1997/07/02,10:27:00,1,1531,8,1539,197,1,198,LBD,1.5,0,10,CL,NO
97,1997/07/02,10:35:00,1,1569,5,1574,82,0,82,BAK,2,0,4,CL,NO
98,1997/07/02,14:03:00,2,1713,23,1736,207,1,208,LBD,2,0,10,CL,NO
99,1997/07/02,14:12:00,2,1652,11,1663,193,0,193,BAK,2,0,4,CL,NO
100,1997/07/02,17:24:00,3,1227,29,1256,107,0,107,LBD,2,0,10,CL,NO
101,1997/07/02,17:33:00,3,1491,16,1507,100,0,100,BAK,2,0,4,CL,NO
102,1998/05/30,10:34:00,1,1052,10,1062,159,0,159,LBD,3.5,0,12,PC,NO
103,1998/05/30,14:00:00,2,994,3,997,148,1,149,LBD,3,0,12,PC,NO
104,1998/05/30,14:15:00,2,567,4,571,65,0,65,JMM,5,2,1,PC,NO
105,1998/05/31,10:33:00,1,739,6,745,169,4,173,LBD,2.5,0,12,PC,NO
106,1998/05/31,10:58:00,1,609,7,616,99,1,100,JMM,4,1,1,PC,NO
107,1998/05/31,14:00:00,2,938,2,940,117,1,118,LBD,3,0,12,PC,NO
108,1998/05/31,14:19:00,2,715,5,720,128,1,129,JMM,4,1,1,PC,NO
109,1998/06/01,11:15:00,1,1609,9,1618,435,5,440,LBD,1.5,0,12,CL,NO
110,1998/06/01,11:33:00,1,1377,7,1384,281,1,282,JMM,3,1,1,CL,NO
111,1998/06/01,15:00:00,2,1475,8,1483,362,2,364,LBD,3,0,12,CL,NO
112,1998/06/01,15:18:00,2,1299,9,1308,374,3,377,JMM,2.5,1,1,CL,NO
113,1998/06/02,11:12:00,1,1467,4,1471,420,0,420,LBD,1.5,0,12,OC,NO
114,1998/06/02,11:31:00,1,1012,10,1022,335,2,337,JMM,4,1,1,OC,NO
115,1998/06/02,15:09:00,2,1616,4,1620,430,2,432,LBD,1.5,0,12,OC,NO
116,1998/06/02,15:29:00,2,1287,5,1292,445,1,446,JMM,3.5,1,1,OC,NO
117,1998/06/03,10:51:00,1,1262,10,1272,375,6,381,LBD,3,0,12,CL,NO
118,1998/06/03,11:06:00,1,1032,6,1038,366,3,369,JMM,2.5,0,1,CL,NO
119,1998/06/03,14:33:00,2,1485,11,1496,443,3,446,LBD,2.5,0,12,CL,NO
120,1998/06/03,14:52:00,2,1371,10,1381,418,4,422,JMM,2.5,0,1,CL,NO
121,1998/06/04,11:12:00,1,1712,7,1719,507,3,510,LBD,2,0,12,PC,NO
122,1998/06/04,11:29:00,1,1491,11,1502,530,6,536,JMM,2.5,0,1,PC,NO
123,1998/06/04,15:10:00,2,1769,4,1773,468,1,469,LBD,2,0,12,PC,NO
124,1998/06/04,15:28:00,2,1732,2,1734,491,0,491,JMM,2,0,1,PC,NO
125,1998/06/05,11:11:00,1,1456,5,1461,463,0,463,LBD,1.5,0,12,PC,NO
126,1998/06/05,11:29:00,1,1342,8,1350,432,3,435,JMM,2.5,0,1,PC,NO
127,1998/06/05,15:07:00,2,1491,15,1506,444,5,449,LBD,2,0,12,CL,NO
128,1998/06/05,15:28:00,2,1544,7,1551,454,1,455,JMM,2.5,0,1,CL,NO
129,1998/06/06,11:07:00,1,1561,15,1576,550,9,559,LBD,2,0,12,CL,NO
130,1998/06/06,11:25:00,1,1632,9,1641,554,2,556,JMM,2.5,0,1,CL,NO
131,1998/06/06,15:15:00,2,1803,18,1821,589,6,595,LBD,2,0,12,CL,NO
132,1998/06/06,15:27:00,2,1710,12,1722,598,6,604,JMM,2,0,1,CL,NO
133,1998/06/07,11:13:00,1,2238,7,2245,812,1,813,LBD,1,0,12,CL,NO
134,1998/06/07,11:28:00,1,2111,5,2116,767,1,768,JMM,1,0,1,CL,NO
135,1998/06/07,15:08:00,2,2083,18,2101,752,8,760,LBD,2.5,0,12,CL,NO
136,1998/06/07,15:21:00,2,1944,7,1951,701,3,704,JMM,2,0,1,CL,NO
137,1998/06/16,11:09:00,1,2141,8,2149,819,3,822,LBD,3,0,12,OC,NO
138,1998/06/16,11:31:00,1,2366,11,2377,1081,1,1082,JMM,2.5,0,1,OC,NO
139,1998/06/16,15:34:00,2,2096,6,2102,944,2,946,JMM,2,0,1,OC,NO
140,1998/06/16,15:34:00,2,2467,10,2477,960,1,961,LBD,3,0,12,OC,NO
141,1998/06/17,11:06:00,1,2350,8,2358,1070,2,1072,LBD,2,0,12,OC,NO
142,1998/06/17,11:16:00,1,2084,5,2089,945,2,947,JMM,2,0,1,OC,NO
143,1998/06/17,15:12:00,2,2085,8,2093,819,1,820,LBD,2.5,0,12,CL,NO
144,1998/06/17,15:26:00,2,2042,11,2053,784,4,788,JMM,2.5,0,1,CL,NO
145,1998/06/18,11:12:00,1,1899,13,1912,748,1,749,LBD,1.5,0,12,CL,NO
146,1998/06/18,11:24:00,1,1808,9,1817,739,4,743,JMM,3,0,1,CL,NO
147,1998/06/19,11:34:00,1,1669,16,1685,714,7,721,LBD,1,0,12,OC,NO
148,1998/06/19,11:45:00,1,1468,12,1480,656,4,660,JMM,2.5,0,1,OC,NO
149,1998/06/19,15:08:00,2,2032,9,2041,862,1,863,LBD,2,0,12,OC,NO
150,1998/06/19,15:18:00,2,2003,5,2008,876,2,878,JMM,2,0,1,OC,NO
151,1998/06/20,15:09:00,1,1998,19,2017,757,3,760,LBD,2.5,0,12,CL,NO
152,1998/06/20,15:20:00,1,2160,16,2176,802,5,807,JMM,2.5,0,1,CL,NO
153,1998/06/21,11:01:00,1,1540,15,1555,452,0,452,LBD,3,0,12,OC,RN
154,1998/06/21,11:11:00,1,1579,7,1586,635,2,637,JMM,2,0,1,OC,RN
155,1998/06/21,15:23:00,2,1595,13,1608,538,0,538,LBD,1.5,0,12,OC,DR
156,1998/06/21,15:35:00,2,1709,6,1715,679,1,680,JMM,2,0,1,OC,DR
157,1998/06/22,11:05:00,1,1897,9,1906,641,0,641,LBD,1.5,0,12,CL,NO
158,1998/06/22,11:15:00,1,1501,4,1505,609,1,610,JMM,2.5,0,1,CL,NO
159,1998/06/22,15:02:00,2,1454,10,1464,489,1,490,LBD,1.5,0,12,PC,NO
160,1998/06/22,15:13:00,2,1478,6,1484,592,2,594,JMM,2,0,1,PC,NO
161,1998/06/23,10:59:00,1,1056,22,1078,281,6,287,LBD,1,0,12,OC,NO
162,1998/06/23,11:08:00,1,1082,9,1091,447,1,448,JMM,2.5,0,1,OC,NO
163,1998/06/23,14:47:00,2,1382,8,1390,434,0,434,LBD,1.5,0,12,OC,NO
164,1998/06/23,14:55:00,2,1239,3,1242,479,1,480,JMM,2,0,1,OC,NO
165,1999/06/17,10:54:00,1,1198,7,1205,489,6,495,LBD,3.5,0,14,OC,DR
166,1999/06/17,11:25:00,1,1220,7,1227,449,3,452,TML,4,1,1,OC,DR
167,1999/06/17,15:01:00,2,1307,5,1312,498,2,500,LBD,3,0,14,OC,DR
168,1999/06/18,10:54:00,1,1694,10,1704,563,4,567,LBD,3,0,14,OC,NO
169,1999/06/18,15:40:00,2,1746,5,1751,549,3,552,LBD,2.5,0,14,PC,NO
170,1999/06/18,15:59:00,2,1100,3,1103,416,1,417,TML,4,1,1,PC,NO
171,1999/06/19,11:35:00,1,1731,15,1746,578,5,583,LBD,2.5,0,14,OC,NO
172,1999/06/19,12:08:00,1,1698,4,1702,553,1,554,TML,3.5,0,1,OC,NO
173,1999/06/19,15:08:00,2,2145,8,2153,740,1,741,LBD,2.5,0,14,OC,NO
174,1999/06/19,15:22:00,2,1845,3,1848,670,0,670,NKD,2.5,1,1,OC,NO
175,1999/06/20,11:09:00,1,1757,6,1763,577,0,577,LBD,3,0,14,PC,NO
176,1999/06/20,11:28:00,1,2106,8,2114,752,4,756,NKD,4,1,1,PC,NO
177,1999/06/20,15:16:00,2,2073,5,2078,724,2,726,LBD,2.5,0,14,CL,NO
178,1999/06/20,15:30:00,2,1929,5,1934,667,1,668,TML,2,0,1,CL,NO
179,1999/06/21,11:19:00,1,2490,3,2493,924,1,925,LBD,2,0,14,OC,NO
180,1999/06/21,11:31:00,1,2062,3,2065,777,1,778,TML,2,0,1,OC,NO
181,1999/06/21,15:06:00,2,2642,1,2643,897,0,897,LBD,3,0,14,OC,NO
182,1999/06/21,15:20:00,2,2111,3,2114,800,0,800,NKD,3,1,1,OC,NO
183,1999/06/22,11:18:00,1,2234,6,2240,867,4,871,LBD,3,0,14,OC,NO
184,1999/06/22,11:46:00,1,2194,8,2202,993,2,995,NKD,3.5,1,1,OC,NO
185,1999/06/22,15:29:00,2,2406,3,2409,825,2,827,LBD,2,0,14,OC,NO
186,1999/06/22,15:53:00,2,2196,2,2198,751,0,751,TML,3.5,0,1,OC,NO
187,1999/06/23,11:13:00,1,2703,4,2707,783,1,784,LBD,3.5,0,14,CL,NO
188,1999/06/23,11:38:00,1,2601,9,2610,897,3,900,TML,3,0,1,CL,NO
189,1999/06/23,15:14:00,2,2450,4,2454,757,3,760,LBD,2.5,0,14,CL,NO
190,1999/06/23,15:31:00,2,2007,12,2019,668,3,671,NKD,4,1,1,CL,NO
191,1999/06/24,11:02:00,1,2233,9,2242,702,1,703,LBD,2.5,0,14,CL,NO
192,1999/06/24,11:17:00,1,2312,11,2323,766,0,766,NKD,2.5,1,1,CL,NO
193,1999/06/24,15:13:00,2,2146,8,2154,631,2,633,LBD,2.5,0,14,CL,NO
194,1999/06/24,15:32:00,2,2307,12,2319,598,1,599,TML,2,0,1,CL,NO
195,1999/06/25,11:35:00,1,1682,30,1712,659,10,669,LBD,1.5,0,14,CL,NO
196,1999/06/25,11:49:00,1,1820,19,1839,557,2,559,TML,3,0,1,CL,NO
197,1999/06/25,14:59:00,2,1468,29,1497,463,4,467,LBD,2,0,14,OC,NO
198,1999/06/25,15:22:00,2,1903,26,1929,616,7,623,NKD,4,1,1,OC,NO
1,1992/08/21,09:12:00,1,2260,14,2274,,,,HL,3,1,1,OC,NO
2,1992/08/21,09:20:00,1,3714,22,3736,,,,CS,3,1,1,OC,NO
3,1992/08/21,11:11:00,2,3214,11,3225,,,,CS,4,1,1,OC,NO
4,1992/08/22,11:03:00,1,4530,3,4533,,,,CS,3,1,1,OC,NO
5,1992/08/22,11:05:00,1,4395,11,4406,,,,HL,3,1,1,OC,NO
6,1992/08/22,13:51:00,2,5220,5,5225,,,,HL,3,1,1,OC,NO
7,1992/08/22,13:52:00,2,5513,7,5520,,,,CS,3.5,1,1,OC,NO
8,1992/08/22,16:33:00,3,4761,11,4772,,,,HL,3,1,1,OC,NO
9,1992/08/22,16:35:00,3,5796,5,5801,,,,CS,4,1,1,OC,NO
10,1992/08/23,11:00:00,1,3746,21,3767,,,,HL,3,1,1,CL,NO
11,1992/08/23,11:00:00,1,4147,7,4154,,,,CS,3,1,1,CL,NO
12,1993/08/22,16:05:00,1,4517,3,4520,,,,EAM,2,0,4,OC,DR
13,1993/08/23,14:56:00,1,4049,6,4055,,,,EAM,2,0,4,OC,DR
14,1993/08/23,15:11:00,1,3850,3,3853,,,,LBD,3,1,1,OC,DR
15,1993/08/24,14:43:00,1,2172,3,2175,,,,EAM,3.5,0,4,CL,NO
16,1994/08/10,16:35:00,1,3264,70,3334,,,,LBD,3.5,0,2,CL,RN
17,1994/08/10,16:52:00,1,3631,47,3678,,,,EAM,2,0,6,CL,RN
18,1994/08/11,14:42:00,2,2718,34,2752,,,,EAM,2,0,6,CL,NO
19,1994/08/11,15:05:00,2,2822,75,2897,,,,LBD,2,0,2,CL,NO
20,1994/08/11,16:36:00,3,3928,32,3960,,,,EAM,2,0,6,CL,NO
21,1994/08/12,13:13:00,2,3323,41,3364,,,,EAM,2.5,0,6,CL,NO
22,1994/08/12,16:07:00,3,3281,103,3384,,,,EAM,2.5,0,6,CL,NO
23,1994/08/12,16:31:00,3,4207,147,4354,,,,LBD,3,0,2,CL,NO
24,1994/08/13,11:04:00,1,3155,82,3237,,,,EAM,3,0,6,CL,NO
25,1994/08/13,11:19:00,1,2954,79,3033,,,,LBD,2,0,2,CL,NO
26,1994/08/13,14:38:00,2,2035,128,2163,,,,EAM,2,0,6,CL,NO
27,1994/08/13,18:04:00,3,2101,241,2342,,,,LBD,2.5,0,2,CL,NO
28,1994/08/13,18:25:00,3,2550,171,2721,,,,CK,2,1,1,CL,NO
29,1994/08/14,10:53:00,1,3615,36,3651,,,,EAM,1,0,6,CL,NO
30,1994/08/14,14:25:00,2,3023,46,3069,,,,EAM,2,0,6,CL,NO
31,1994/08/14,14:37:00,2,2209,144,2353,,,,LBD,4,0,2,CL,NO
32,1994/08/14,17:05:00,3,3084,53,3137,,,,EAM,2,0,6,CL,NO
33,1994/08/14,17:16:00,3,3379,94,3473,,,,LBD,2,0,2,CL,NO
34,1994/08/15,11:16:00,1,2995,199,3194,,,,EAM,1,0,6,CL,NO
35,1994/08/15,11:30:00,1,3133,177,3310,,,,CK,2,1,1,CL,NO
36,1994/08/15,19:05:00,2,2181,158,2339,,,,EAM,2,0,6,PC,NO
37,1994/08/15,19:14:00,2,2301,196,2497,,,,LBD,2,0,2,PC,NO
38,1994/08/16,09:00:00,1,2921,38,2959,,,,LBD,1.5,0,2,CL,NO
39,1994/08/28,12:40:00,1,3458,31,3489,,,,EAM,3,0,6,CL,NO
40,1994/08/28,14:52:00,2,3001,44,3045,,,,EAM,2,0,6,CL,NO
41,1994/08/29,09:26:00,1,2326,40,2366,,,,EAM,3,0,6,OC,NO
42,1994/08/29,12:10:00,2,2297,24,2321,,,,EAM,2,0,6,OC,NO
43,1994/08/29,15:27:00,3,3029,98,3127,,,,EAM,2,0,6,OC,DR
44,1994/08/29,17:09:00,4,2347,128,2475,,,,EAM,2,0,6,OC,DR
45,1995/08/09,14:38:00,1,2144,7,2151,,,,EAM,3.5,0,8,CL,NO
46,1995/08/09,14:41:00,1,2675,25,2700,,,,LBD,2,0,5,CL,NO
47,1995/08/09,17:11:00,2,3228,12,3240,,,,EAM,1.5,0,8,CL,NO
48,1995/08/09,17:14:00,2,2717,17,2734,,,,LBD,1.5,0,5,CL,NO
49,1995/08/10,12:31:00,1,1831,30,1861,,,,EAM,3,0,8,OC,RN
50,1995/08/10,17:53:00,2,2525,22,2547,,,,EAM,1.5,0,8,OC,RN
51,1995/08/10,18:09:00,2,2043,32,2075,,,,RRM,4,1,1,OC,RN
52,1995/08/11,10:52:00,1,2873,8,2881,,,,EAM,1,0,8,PC,NO
53,1995/08/11,11:01:00,1,1972,39,2011,,,,RRM,4,1,1,PC,NO
54,1995/08/11,16:57:00,2,3018,29,3047,,,,EAM,1,0,8,PC,NO
55,1995/08/11,17:02:00,2,2668,66,2734,,,,RRM,4,1,1,PC,NO
56,1995/08/12,11:39:00,1,3324,19,3343,,,,EAM,1.5,0,8,OC,NO
57,1995/08/12,11:45:00,1,2997,22,3019,,,,RRM,2,1,1,OC,NO
58,1995/08/12,15:58:00,2,3088,47,3135,,,,EAM,1.5,0,8,OC,NO
59,1995/08/12,16:12:00,2,2625,57,2682,,,,RRM,3,1,1,OC,NO
60,1995/08/13,11:36:00,1,2852,11,2863,,,,EAM,1.5,0,8,OC,NO
61,1995/08/13,11:48:00,1,2649,26,2675,,,,RRM,2.5,0,1,OC,NO
62,1995/08/13,16:39:00,2,2861,18,2879,,,,EAM,3,0,8,OC,DR
63,1995/08/13,16:55:00,2,2664,38,2702,,,,RRM,2.5,0,1,OC,DR
64,1995/08/14,12:47:00,1,2691,27,2718,,,,RRM,2.5,0,1,OC,NO
65,1995/08/14,16:13:00,2,2370,60,2430,,,,RRM,2,0,1,OC,NO
66,1995/08/15,11:02:00,1,3963,9,3972,,,,EAM,2,0,8,PC,NO
67,1995/08/15,11:02:00,1,3189,13,3202,,,,RRM,2,0,1,PC,NO
68,1995/08/15,14:40:00,2,3492,12,3504,,,,EAM,2,0,8,CL,NO
69,1995/08/15,14:49:00,2,3023,27,3050,,,,RRM,2,0,1,CL,NO
70,1995/08/16,16:41:00,1,3183,73,3256,,,,LBD,2,0,5,CL,NO
71,1995/08/16,16:53:00,1,3759,89,3848,,,,EAM,4,0,8,CL,NO
72,1995/08/17,12:44:00,1,3623,14,3637,,,,EAM,2.5,0,8,OC,NO
73,1995/08/17,12:48:00,1,3196,16,3212,,,,LBD,3,0,5,OC,NO
74,1995/08/17,17:14:00,2,3455,76,3531,,,,LBD,2,0,5,OC,NO
75,1995/08/18,10:56:00,1,3547,79,3626,,,,LBD,1.5,0,5,PC,NO
76,1995/08/18,16:09:00,2,4297,39,4336,,,,LBD,1.5,0,5,CL,NO
77,1995/08/18,16:17:00,2,3874,45,3919,,,,BAK,3,1,2,CL,NO
78,1995/08/19,10:23:00,1,3664,44,3708,,,,BAK,3,0,2,PC,NO
79,1995/08/19,10:30:00,1,3472,26,3498,,,,LBD,3.5,0,5,PC,NO
80,1995/08/19,16:21:00,2,3798,21,3819,,,,BAK,3,1,2,PC,NO
81,1995/08/19,16:29:00,2,3604,40,3644,,,,LBD,3.5,0,5,PC,NO
82,1995/08/20,10:34:00,1,3384,18,3402,,,,BAK,3,0,2,OC,NO
83,1995/08/20,10:41:00,1,3571,60,3631,,,,LBD,1.5,0,5,OC,NO
84,1995/08/20,18:15:00,2,3140,5,3145,,,,BAK,1,0,2,CL,NO
85,1995/08/20,18:18:00,2,3142,13,3155,,,,LBD,1,0,5,CL,NO
86,1995/08/21,10:50:00,1,3176,10,3186,,,,BAK,3,0,2,PC,NO
87,1995/08/21,10:58:00,1,3170,23,3193,,,,LBD,1.5,0,5,PC,NO
88,1995/08/21,17:30:00,2,4593,41,4634,,,,LBD,2,0,5,CL,NO
89,1996/08/13,12:33:00,1,4397,7,4404,,,,EAM,2,0,10,OC,NO
90,1996/08/13,12:38:00,1,4180,18,4198,,,,LBD,2.5,0,8,OC,NO
91,1996/08/14,11:48:00,1,3975,5,3980,,,,EAM,2.5,0,10,CL,NO
92,1996/08/15,10:49:00,1,3135,29,3164,,,,LBD,2.5,0,8,PC,NO
93,1996/08/15,10:58:00,1,3155,20,3175,,,,CC,3,1,1,PC,NO
94,1996/08/15,15:39:00,2,3365,29,3394,,,,LBD,3,0,8,PC,NO
95,1996/08/16,10:46:00,1,3419,54,3473,,,,LBD,1.5,0,8,CL,NO
96,1996/08/16,15:54:00,2,3713,52,3765,,,,LBD,1.5,0,8,CL,NO
97,1996/08/17,11:21:00,1,3666,42,3708,,,,LBD,3,0,8,PC,NO
98,1996/08/17,16:08:00,2,3996,30,4026,,,,LBD,2,0,8,OC,NO
99,1996/08/18,10:50:00,1,3367,11,3378,,,,LBD,3.5,0,8,PC,NO
100,1996/08/18,10:54:00,1,3544,6,3550,,,,CC,3.5,0,1,PC,NO
101,1996/08/19,11:05:00,1,3815,9,3824,,,,LBD,2.5,0,8,PC,NO
102,1996/08/19,11:10:00,1,3310,6,3316,,,,CC,4,0,1,PC,NO
103,1996/08/19,16:39:00,2,4706,8,4714,,,,LBD,1.5,0,8,CL,NO
104,1996/08/19,16:44:00,2,4416,3,4419,,,,CC,4,0,1,CL,NO
105,1996/08/20,11:28:00,1,2748,60,2808,,,,LBD,3.5,0,8,OC,NO
106,1996/08/20,11:33:00,1,3033,23,3056,,,,CC,3.5,0,1,OC,NO
107,1996/08/20,15:44:00,2,3832,47,3879,,,,LBD,2.5,0,8,OC,RN
108,1996/08/22,11:17:00,1,3044,19,3063,,,,LBD,3.5,0,8,OC,DR
109,1996/08/22,16:20:00,2,3680,14,3694,,,,LBD,4,0,8,OC,DR
110,1996/08/23,10:39:00,1,2894,39,2933,,,,LBD,1.5,0,8,PC,DR
111,1996/08/23,10:48:00,1,2480,64,2544,,,,JBD,3,1,1,PC,DR
112,1996/08/23,16:35:00,2,3380,10,3390,,,,JBD,2.5,1,1,OC,NO
113,1996/08/23,16:40:00,2,3653,7,3660,,,,LBD,2,0,8,OC,NO
114,1996/08/24,10:40:00,1,2532,32,2564,,,,LBD,2,0,8,OC,NO
115,1996/08/24,10:42:00,1,2586,47,2633,,,,JBD,2.5,0,1,OC,NO
116,1996/08/24,16:00:00,2,2649,30,2679,,,,JBD,3.5,0,1,OC,NO
117,1996/08/24,16:01:00,2,2934,16,2950,,,,LBD,2.5,0,8,OC,NO
118,1996/08/25,11:18:00,1,3482,16,3498,,,,LBD,1.5,0,8,OC,NO
119,1996/08/25,11:21:00,1,3577,17,3594,,,,JBD,2.5,0,1,OC,NO
120,1996/08/26,11:07:00,1,3500,9,3509,,,,JBD,3,0,1,CL,NO
121,1996/08/26,11:17:00,1,3797,7,3804,,,,LBD,3.5,0,8,CL,NO
122,1996/08/26,15:59:00,2,3307,2,3309,,,,LBD,2,0,8,CL,NO
123,1996/08/26,16:03:00,2,3129,5,3134,,,,JBD,2.5,0,1,CL,NO
124,1997/08/15,11:20:00,1,3879,16,3895,,,,EAM,2,0,12,CL,NO
125,1997/08/15,11:25:00,1,3736,34,3770,,,,LBD,1.5,0,11,CL,NO
126,1997/08/15,16:24:00,2,3852,28,3880,,,,LBD,2,0,11,CL,NO
127,1997/08/15,16:24:00,2,3954,35,3989,,,,RRM,3,0,2,CL,NO
128,1997/08/16,10:41:00,1,3426,23,3449,,,,LBD,3.5,0,11,PC,NO
129,1997/08/16,10:49:00,1,2671,31,2702,,,,RRM,3.5,0,2,PC,NO
130,1997/08/16,14:54:00,2,3375,11,3386,,,,LBD,2.5,0,11,PC,NO
131,1997/08/17,15:15:00,1,3312,74,3386,,,,LBD,1.5,0,11,CL,NO
132,1997/08/18,11:02:00,1,2466,126,2592,,,,LBD,1.5,0,11,CL,NO
133,1997/08/18,11:11:00,1,1915,88,2003,,,,RRM,4,0,2,CL,NO
134,1997/08/18,15:01:00,2,3453,52,3505,,,,LBD,1,0,11,CL,NO
135,1997/08/18,15:11:00,2,3537,44,3581,,,,JKN,3.5,1,1,CL,NO
136,1997/08/19,10:57:00,1,2325,65,2390,,,,LBD,1,0,11,OC,DR
137,1997/08/19,10:59:00,1,2452,49,2501,,,,JKN,3,1,1,OC,DR
138,1997/08/19,15:20:00,2,2445,77,2522,,,,LBD,1,0,11,OC,NO
139,1997/08/19,15:30:00,2,2316,111,2427,,,,RRM,2,0,2,OC,NO
140,1997/08/20,11:09:00,1,3895,89,3984,,,,LBD,2.5,0,11,CL,NO
141,1997/08/20,11:16:00,1,2694,147,2841,,,,RRM,2,0,2,CL,NO
142,1997/08/20,15:59:00,2,3304,119,3423,,,,EAM,1.5,0,12,CL,NO
143,1997/08/20,16:21:00,2,2616,131,2747,,,,RRM,2,0,2,CL,NO
144,1997/08/21,11:03:00,1,2693,97,2790,,,,EAM,1.5,0,12,OC,NO
145,1997/08/21,11:13:00,1,2377,128,2505,,,,LBD,1,0,11,OC,NO
146,1997/08/21,15:27:00,2,3260,6,3266,,,,JKN,3,1,1,OC,NO
147,1997/08/21,15:29:00,2,3290,7,3297,,,,EAM,2,0,12,OC,NO
148,1997/08/22,11:03:00,1,3253,37,3290,,,,LBD,1.5,0,11,OC,DR
149,1997/08/22,11:11:00,1,2821,30,2851,,,,JKN,2,1,1,OC,DR
150,1997/08/22,16:55:00,2,2121,19,2140,,,,EAM,3,0,12,OC,RN
151,1997/08/22,17:02:00,2,2307,20,2327,,,,LBD,2.5,0,11,OC,RN
152,1997/08/23,11:51:00,1,1319,17,1336,,,,EAM,2.5,0,12,OC,RN
153,1997/08/23,12:01:00,1,1398,40,1438,,,,JKN,4,1,1,OC,RN
154,1997/08/23,16:18:00,2,1732,16,1748,,,,EAM,2,0,12,OC,RN
155,1997/08/23,16:20:00,2,1707,26,1733,,,,LBD,2.5,0,11,OC,RN
156,1998/08/13,11:24:00,1,3235,18,3253,,,,LBD,2,0,13,OC,NO
157,1998/08/13,15:23:00,2,3032,3,3035,,,,LBD,3,0,13,OC,NO
158,1998/08/14,10:55:00,1,2715,39,2754,,,,LBD,2.5,0,13,CL,NO
159,1998/08/14,11:00:00,1,2969,24,2993,,,,BAK,3,0,5,CL,NO
160,1998/08/15,11:30:00,1,2294,31,2325,,,,LBD,2,0,13,PC,NO
161,1998/08/15,11:32:00,1,1946,26,1972,,,,BAK,4,0,5,PC,NO
162,1998/08/15,15:00:00,2,2384,24,2408,,,,BAK,3,0,5,PC,NO
163,1998/08/15,15:00:00,2,2352,51,2403,,,,LBD,3,0,13,PC,NO
164,1998/08/16,12:07:00,1,2907,22,2929,,,,LBD,1.5,0,13,PC,NO
165,1998/08/16,15:24:00,2,2643,52,2695,,,,LBD,2,0,13,PC,NO
166,1998/08/16,15:24:00,2,2580,13,2593,,,,BAK,3,0,5,PC,NO
167,1998/08/17,11:48:00,1,2396,25,2421,,,,LBD,3,0,13,OC,RN
168,1998/08/17,11:56:00,1,2424,15,2439,,,,BAK,3,0,5,OC,RN
169,1998/08/17,16:00:00,2,2979,2,2981,,,,LBD,3,0,13,OC,DR
170,1998/08/18,11:14:00,1,2940,10,2950,,,,LBD,1.5,0,13,PC,NO
171,1998/08/18,11:22:00,1,3017,7,3024,,,,BAK,2.5,0,5,PC,NO
172,1998/08/18,15:15:00,2,2592,4,2596,,,,LBD,2,0,13,PC,NO
173,1998/08/18,15:28:00,2,3084,0,3084,,,,BAK,4,0,5,PC,NO
174,1998/08/19,11:37:00,1,2919,53,2972,,,,LBD,3,0,13,OC,NO
175,1998/08/19,11:43:00,1,2469,19,2488,,,,CLB,4,1,1,OC,NO
176,1998/08/19,15:55:00,2,2587,33,2620,,,,LBD,2,0,13,OC,NO
177,1998/08/19,16:19:00,2,2945,25,2970,,,,BAK,3,0,5,OC,NO
178,1998/08/20,11:52:00,1,2822,7,2829,,,,LBD,1.5,0,13,CL,NO
179,1998/08/20,11:53:00,1,2563,2,2565,,,,BAK,2.5,0,5,CL,NO
180,1998/08/20,16:00:00,2,2740,3,2743,,,,LBD,2,0,13,CL,NO
181,1998/08/20,16:04:00,2,2474,7,2481,,,,CLB,4,1,1,CL,NO
182,1998/08/21,11:01:00,1,2413,2,2415,,,,LBD,1.5,0,13,OC,DR
183,1998/08/21,11:07:00,1,2429,2,2431,,,,BAK,2.5,0,5,OC,DR
184,1998/08/21,15:26:00,2,2503,5,2508,,,,LBD,1.5,0,13,OC,DR
185,1998/08/21,15:29:00,2,2638,3,2641,,,,CLB,3,1,1,OC,DR
186,1998/08/22,11:05:00,1,2147,15,2162,,,,LBD,1.5,0,13,OC,DR
187,1998/08/22,11:13:00,1,2372,6,2378,,,,BAK,3,0,5,OC,DR
188,1998/08/22,15:21:00,2,2753,3,2756,,,,BAK,2,0,5,OC,DR
189,1998/08/22,15:21:00,2,2099,1,2100,,,,CLB,3.5,1,1,OC,DR
190,1998/08/23,10:55:00,1,2310,2,2312,,,,LBD,2,0,13,OC,NO
191,1998/08/23,10:58:00,1,2159,0,2159,,,,BAK,2,0,5,OC,NO
192,1998/08/23,11:58:00,2,1734,0,1734,,,,LBD,2,0,13,OC,NO
193,1998/08/23,12:05:00,2,1713,2,1715,,,,LAJ,2,0,7,OC,NO
194,1998/08/23,15:31:00,3,2117,0,2117,,,,BAK,2,0,5,OC,NO
195,1998/08/23,15:39:00,3,2347,2,2349,,,,LAJ,3,0,7,OC,NO
196,1998/08/24,07:14:00,1,1538,15,1553,,,,LBD,3.5,0,13,OC,RN
197,1998/08/24,07:15:00,1,1369,10,1379,,,,LAJ,3.5,0,7,OC,RN
198,1998/08/24,11:01:00,2,1945,9,1954,,,,LBD,1.5,0,13,OC,NO
199,1998/08/24,11:10:00,2,2240,13,2253,,,,BAK,2,0,5,OC,NO
200,1998/08/24,15:34:00,3,1950,16,1966,,,,LBD,1,0,13,OC,NO
201,1998/08/24,15:44:00,3,2094,13,2107,,,,LAJ,2,0,7,OC,NO
202,1998/08/25,10:51:00,1,2119,6,2125,,,,BAK,1.5,0,5,PC,NO
203,1998/08/25,10:56:00,1,2034,7,2041,,,,LAJ,3,0,7,PC,NO
204,1998/08/25,15:39:00,2,2792,0,2792,,,,BAK,2,0,5,PC,NO
205,1998/08/25,15:43:00,2,2265,2,2267,,,,LAJ,4,0,7,PC,NO
206,1998/08/26,10:37:00,1,1551,11,1562,,,,BAK,1.5,0,5,OC,DR
207,1998/08/26,10:45:00,1,1854,19,1873,,,,LAJ,3,0,7,OC,DR
208,1999/08/07,12:01:00,1,1958,35,1993,,,,LBD,2,0,15,OC,DR
209,1999/08/07,15:51:00,2,2095,20,2115,,,,LBD,2,0,15,OC,NO
210,1999/08/08,10:43:00,1,1840,29,1869,,,,LBD,2,0,15,OC,NO
211,1999/08/08,10:48:00,1,1620,25,1645,,,,ECN,4,1,1,OC,NO
212,1999/08/08,14:27:00,2,1838,31,1869,,,,LBD,1.5,0,15,OC,NO
213,1999/08/08,14:41:00,2,1764,11,1775,,,,CKP,4,1,1,OC,NO
214,1999/08/09,10:25:00,1,1958,20,1978,,,,LBD,2,0,15,OC,NO
215,1999/08/09,10:43:00,1,1799,7,1806,,,,CKP,4,1,1,OC,NO
216,1999/08/09,15:34:00,2,1871,22,1893,,,,LBD,2.5,0,15,OC,NO
217,1999/08/09,15:42:00,2,1441,104,1545,,,,ECN,4,1,1,OC,NO
218,1999/08/10,10:38:00,1,1692,36,1728,,,,LBD,1.5,0,15,PC,NO
219,1999/08/10,10:52:00,1,1724,77,1801,,,,ECN,4,1,1,PC,NO
220,1999/08/10,14:48:00,2,1509,73,1582,,,,LBD,2.5,0,15,CL,NO
221,1999/08/10,15:02:00,2,1528,39,1567,,,,CKP,2,1,1,CL,NO
222,1999/08/11,10:23:00,1,2032,21,2053,,,,LBD,2,0,15,CL,NO
223,1999/08/11,10:36:00,1,1452,13,1465,,,,CKP,4,1,1,CL,NO
224,1999/08/11,12:21:00,2,1972,10,1982,,,,LBD,1.5,0,15,CL,NO
225,1999/08/11,12:38:00,2,2155,13,2168,,,,CKP,4,1,1,CL,NO
226,1999/08/11,14:52:00,3,2242,4,2246,,,,LBD,2,0,15,CL,NO
227,1999/08/11,15:02:00,3,1973,13,1986,,,,ECN,4,1,1,CL,NO
228,1999/08/12,10:33:00,1,2434,27,2461,,,,LBD,2,0,15,CL,NO
229,1999/08/12,10:39:00,1,2228,26,2254,,,,ECN,3,1,1,CL,NO
230,1999/08/12,15:02:00,2,2155,28,2183,,,,LBD,1.5,0,15,CL,NO
231,1999/08/12,15:19:00,2,2304,32,2336,,,,CKP,3,1,1,CL,NO
232,1999/08/13,11:31:00,1,1889,52,1941,,,,LBD,3,0,15,OC,RN
233,1999/08/13,11:46:00,1,2006,36,2042,,,,CKP,4,1,1,OC,RN
234,1999/08/13,14:38:00,2,2192,25,2217,,,,LBD,2,0,15,OC,DR
235,1999/08/13,14:44:00,2,2059,21,2080,,,,ECN,4,1,1,OC,DR
236,1999/08/14,10:22:00,1,1944,14,1958,,,,LBD,1,0,15,OC,DR
237,1999/08/14,10:38:00,1,1946,8,1954,,,,ECN,3,1,1,OC,DR
238,1999/08/14,14:43:00,2,1964,52,2016,,,,LBD,2,0,15,OC,NO
239,1999/08/14,14:53:00,2,1529,55,1584,,,,CKP,2,1,1,OC,NO
240,1999/08/15,10:39:00,1,2108,9,2117,,,,LBD,1.5,0,15,OC,NO
241,1999/08/15,10:50:00,1,2328,6,2334,,,,CKP,2,1,1,OC,NO
242,1999/08/16,11:01:00,1,2217,29,2246,,,,LBD,1.5,0,15,OC,RN
243,1999/08/16,11:04:00,1,2027,14,2041,,,,BAK,3,0,6,OC,RN
244,1999/08/16,14:35:00,2,2528,6,2534,,,,LBD,2,0,15,OC,RN
245,1999/08/16,14:37:00,2,2222,5,2227,,,,BAK,4,0,6,OC,RN
246,1999/08/17,12:03:00,1,1624,19,1643,,,,LBD,3,0,15,OC,RN
247,1999/08/17,12:14:00,1,1733,6,1739,,,,BAK,3.5,0,6,OC,RN
248,1999/08/18,10:32:00,1,1871,8,1879,,,,LBD,1,0,15,CL,NO
249,1999/08/18,10:34:00,1,1861,6,1867,,,,BAK,2,0,6,CL,NO
250,1999/08/18,14:30:00,2,2218,3,2221,,,,LBD,2.5,0,15,CL,NO
251,1999/08/18,14:40:00,2,2018,5,2023,,,,BAK,4,0,6,CL,NO
252,1999/08/19,10:49:00,1,1925,43,1968,,,,LBD,1,0,15,OC,DR
253,1999/08/19,10:53:00,1,1998,17,2015,,,,BAK,2,0,6,OC,DR
254,1999/08/19,15:16:00,2,2484,11,2495,,,,LBD,1,0,15,OC,NO
255,1999/08/19,15:18:00,2,2135,11,2146,,,,BAK,2,0,6,OC,NO
256,1999/08/20,10:45:00,1,1993,49,2042,,,,LBD,3,0,15,OC,NO
257,1999/08/20,10:53:00,1,2049,63,2112,,,,BAK,3,0,6,OC,NO
258,1999/08/20,14:40:00,2,2452,24,2476,,,,LBD,2.5,0,15,OC,NO
259,1999/08/20,14:50:00,2,2271,21,2292,,,,BAK,2,0,6,OC,NO
260,1999/08/21,10:55:00,1,2013,17,2030,,,,LBD,2,0,15,OC,RN
261,1999/08/21,11:03:00,1,1967,7,1974,,,,BAK,2,0,6,OC,RN
262,1999/08/21,15:07:00,2,1518,12,1530,,,,LBD,2.5,0,15,OC,RN
263,1999/08/21,15:10:00,2,1409,4,1413,,,,BAK,2.5,0,6,OC,RN
264,1999/08/22,11:45:00,1,895,90,985,,,,LBD,3,0,15,OC,RN
265,1999/08/22,11:50:00,1,598,89,687,,,,BAK,3,0,6,OC,RN
266,1999/08/22,14:32:00,2,383,58,441,,,,LBD,3,0,15,OC,RN
267,1999/08/22,14:37:00,2,382,100,482,,,,BAK,2.5,0,6,OC,RN
268,1999/08/23,10:51:00,1,1689,19,1708,,,,LBD,1.5,0,15,OC,NO
269,1999/08/23,10:54:00,1,1707,14,1721,,,,BAK,3,0,6,OC,NO
270,1999/08/23,14:44:00,2,1927,8,1935,,,,LBD,1.5,0,15,OC,DR
271,1999/08/23,14:50:00,2,1735,7,1742,,,,BAK,2.5,0,6,OC,DR
272,1999/08/24,11:02:00,1,1900,11,1911,,,,LBD,1,0,15,OC,DR
273,1999/08/24,11:04:00,1,1780,6,1786,,,,BAK,2.5,0,6,OC,DR
274,1999/08/25,10:57:00,1,2004,2,2006,,,,LBD,2,0,15,OC,NO
275,1999/08/25,10:58:00,1,1995,1,1996,,,,BAK,2,0,6,OC,NO
276,1999/08/25,14:47:00,2,2146,6,2152,,,,BAK,2,0,6,PC,NO
277,1999/08/25,15:11:00,2,2215,3,2218,,,,LBD,2.5,0,15,PC,NO
278,1999/08/26,10:51:00,1,2428,15,2443,,,,LBD,2,0,15,OC,DR
279,1999/08/26,10:59:00,1,2486,5,2491,,,,BAK,1,0,6,OC,DR
280,1999/08/26,15:30:00,2,2337,4,2341,,,,LBD,2,0,15,CL,NO
281,1999/08/26,15:37:00,2,2396,6,2402,,,,BAK,2,0,6,CL,NO
282,1999/08/27,09:57:00,1,2673,23,2696,,,,LBD,3,0,15,CL,NO
283,1999/08/27,10:03:00,1,2687,8,2695,,,,BAK,2,0,6,CL,NO
284,2000/08/06,10:54:00,1,1875,42,1917,,,,LBD,3.5,0,16,OC,NO
285,2000/08/06,15:15:00,2,2377,12,2389,,,,LBD,3.5,0,16,OC,NO
286,2000/08/07,10:38:00,1,2062,26,2088,,,,LBD,2,0,16,PC,NO
287,2000/08/07,14:47:00,2,2394,9,2403,,,,LBD,2,0,16,PC,NO
288,2000/08/08,10:41:00,1,1600,22,1622,,,,LBD,1.5,0,16,OC,RN
289,2000/08/08,14:36:00,2,1739,12,1751,,,,LBD,2,0,16,OC,RN
290,2000/08/09,10:16:00,1,1884,23,1907,,,,LBD,2,0,16,CL,NO
291,2000/08/09,10:32:00,1,1861,5,1866,,,,LMB,0,0,1,CL,NO
292,2000/08/10,10:39:00,1,1961,37,1998,,,,LBD,2.5,0,16,CL,NO
293,2000/08/10,14:34:00,2,2454,20,2474,,,,LBD,3,0,16,CL,NO
294,2000/08/11,10:43:00,1,2261,31,2292,,,,LBD,2,0,16,CL,NO
295,2000/08/11,10:51:00,1,2111,21,2132,,,,CAW,3.5,0,3,CL,NO
296,2000/08/11,14:49:00,2,1266,175,1441,,,,LBD,2,0,16,PC,NO
297,2000/08/11,14:59:00,2,1792,72,1864,,,,LMB,3,1,1,PC,NO
298,2000/08/11,18:05:00,3,2182,43,2225,,,,LBD,1.5,0,16,CL,NO
299,2000/08/11,18:16:00,3,2053,36,2089,,,,CAW,3,0,3,CL,NO
300,2000/08/12,11:13:00,1,2159,50,2209,,,,LBD,1.5,0,16,CL,NO
301,2000/08/12,11:23:00,1,2067,16,2083,,,,LMB,3,1,1,CL,NO
302,2000/08/13,10:30:00,1,2528,31,2559,,,,LBD,3,0,16,CL,NO
303,2000/08/13,10:37:00,1,2480,17,2497,,,,CAW,4,0,3,CL,NO
304,2000/08/13,14:59:00,2,2884,13,2897,,,,LBD,3,0,16,CL,NO
305,2000/08/13,15:20:00,2,2845,6,2851,,,,LMB,4,1,1,CL,NO
306,2000/08/14,10:54:00,1,739,64,803,,,,LBD,2.5,0,16,CL,NO
307,2000/08/14,11:05:00,1,658,25,683,,,,CAW,4,0,3,CL,NO
308,2000/08/14,14:41:00,2,1676,42,1718,,,,LBD,1.5,0,16,OC,RN
309,2000/08/14,14:55:00,2,1769,22,1791,,,,LMB,3,0,1,OC,RN
310,2000/08/17,11:02:00,1,1115,48,1163,,,,LBD,2,0,16,CL,NO
311,2000/08/17,11:06:00,1,1024,91,1115,,,,CAW,3,0,3,CL,NO
312,2000/08/17,15:16:00,2,1777,22,1799,,,,LBD,1.5,0,16,CL,NO
313,2000/08/17,15:37:00,2,2071,28,2099,,,,BAK,3,1,7,CL,NO
314,2000/08/18,11:49:00,1,1654,15,1669,,,,LBD,2.5,0,16,CL,NO
315,2000/08/18,15:53:00,2,1890,11,1901,,,,LBD,2.5,0,16,CL,NO
316,2000/08/18,16:12:00,2,1997,9,2006,,,,CAW,3,0,3,CL,NO
317,2000/08/19,10:54:00,1,1757,7,1764,,,,BAK,2,1,7,OC,DR
318,2000/08/19,10:55:00,1,1735,12,1747,,,,LBD,1.5,0,16,OC,DR
319,2000/08/19,15:02:00,2,2050,6,2056,,,,LBD,2,0,16,OC,DR
320,2000/08/19,15:05:00,2,1983,5,1988,,,,CAW,3,0,3,OC,DR
321,2000/08/19,18:36:00,3,1596,15,1611,,,,LBD,3,0,16,OC,RN
322,2000/08/20,10:57:00,1,1648,3,1651,,,,LBD,1.5,0,16,OC,DR
323,2000/08/20,10:58:00,1,1584,7,1591,,,,CAW,3,0,3,OC,DR
324,2000/08/20,15:18:00,2,1598,3,1601,,,,CAW,3,0,3,CL,NO
325,2000/08/20,15:26:00,2,1556,4,1560,,,,BAK,3,1,7,CL,NO
326,2000/08/21,11:41:00,1,1595,11,1606,,,,LBD,2,0,16,OC,DR
327,2000/08/21,11:44:00,1,1619,7,1626,,,,CAW,2.5,0,3,OC,DR
328,2000/08/21,15:37:00,2,1756,3,1759,,,,LBD,2,0,16,OC,RN
329,2000/08/21,15:45:00,2,1913,5,1918,,,,BAK,3,0,7,OC,RN
330,2000/08/22,11:03:00,1,1646,0,1646,,,,LBD,1.5,0,16,OC,NO
331,2000/08/22,11:04:00,1,1518,0,1518,,,,CAW,3.5,0,3,OC,NO
332,2000/08/22,14:52:00,2,1699,4,1703,,,,LBD,2,0,16,OC,DR
333,2000/08/22,14:55:00,2,1680,0,1680,,,,BAK,3,0,7,OC,DR
334,2000/08/23,11:03:00,1,1639,12,1651,,,,LBD,2,0,16,PC,NO
335,2000/08/23,11:08:00,1,1543,6,1549,,,,CAW,3.5,0,3,PC,NO
336,2000/08/23,14:32:00,2,1766,0,1766,,,,LBD,3,0,16,PC,NO
337,2000/08/23,15:10:00,2,1562,0,1562,,,,BAK,2,0,7,PC,NO
338,2000/08/24,11:13:00,1,1905,8,1913,,,,LBD,2,0,16,OC,NO
339,2000/08/24,11:24:00,1,1714,6,1720,,,,CAW,3,0,3,OC,NO
340,2000/08/24,15:19:00,2,1798,1,1799,,,,BAK,2,0,7,OC,NO
341,2000/08/24,15:20:00,2,1616,4,1620,,,,CAW,3.5,0,3,OC,NO
342,2000/08/25,10:49:00,1,1549,31,1580,,,,LBD,2,0,16,OC,NO
343,2000/08/25,11:00:00,1,1684,35,1719,,,,CAW,2.5,0,3,OC,NO
344,2000/08/25,16:03:00,2,1606,6,1612,,,,LBD,2,0,16,OC,NO
345,2000/08/25,16:13:00,2,2127,9,2136,,,,BAK,2,0,7,OC,NO
346,2001/08/12,11:08:00,1,1094,99,1193,,,,LBD,3.5,0,17,PC,NO
347,2001/08/12,14:32:00,2,1785,16,1801,,,,LBD,3,0,17,PC,NO
348,2001/08/13,10:07:00,1,1611,8,1619,,,,LBD,2.5,0,17,CL,NO
349,2001/08/13,14:13:00,2,2175,6,2181,,,,LBD,2,0,17,CL,NO
350,2001/08/14,10:18:00,1,1549,73,1622,,,,LBD,2,0,17,CL,NO
351,2001/08/14,10:22:00,1,1898,26,1924,,,,NPT,4,1,1,CL,NO
352,2001/08/14,13:56:00,2,1858,39,1897,,,,LBD,3,0,17,CL,NO
353,2001/08/14,17:38:00,3,1605,52,1657,,,,LBD,2,0,17,CL,NO
354,2001/08/15,10:14:00,1,1953,42,1995,,,,LBD,1.5,0,17,CL,NO
355,2001/08/15,10:21:00,1,2174,18,2192,,,,LMM,3.5,1,1,CL,NO
356,2001/08/15,12:15:00,2,1838,28,1866,,,,LBD,3.5,0,17,CL,NO
357,2001/08/15,14:24:00,3,2027,18,2045,,,,LBD,1,0,17,CL,NO
358,2001/08/15,14:29:00,3,1913,11,1924,,,,NPT,3,1,1,CL,NO
359,2001/08/16,10:37:00,1,2103,26,2129,,,,LBD,2,0,17,PC,NO
360,2001/08/16,10:42:00,1,1872,61,1933,,,,DLM,3,1,1,PC,NO
361,2001/08/16,14:15:00,2,2098,24,2122,,,,LBD,2,0,17,PC,NO
362,2001/08/16,14:22:00,2,1713,8,1721,,,,NPT,3,1,1,PC,NO
363,2001/08/17,10:11:00,1,1761,13,1774,,,,LBD,1,0,17,PC,NO
364,2001/08/17,10:18:00,1,1762,28,1790,,,,DLM,3,1,1,PC,NO
365,2001/08/17,14:15:00,2,2290,6,2296,,,,LBD,1.5,0,17,PC,NO
366,2001/08/17,14:27:00,2,2142,9,2151,,,,LMM,3,1,1,PC,NO
367,2001/08/18,10:29:00,1,2171,19,2190,,,,LBD,3,0,17,PC,NO
368,2001/08/18,10:32:00,1,1941,42,1983,,,,DLM,3,0,1,PC,NO
369,2001/08/18,14:22:00,2,2044,14,2058,,,,LBD,2,0,17,PC,NO
370,2001/08/18,14:27:00,2,1959,2,1961,,,,LMM,3,0,1,PC,NO
371,2001/08/19,10:28:00,1,1867,15,1882,,,,LBD,2,0,17,PC,NO
372,2001/08/19,10:32:00,1,1982,11,1993,,,,DLM,2,0,1,PC,NO
373,2001/08/19,14:27:00,2,951,52,1003,,,,LBD,2,0,17,PC,NO
374,2001/08/19,14:33:00,2,944,34,978,,,,LMM,2.5,0,1,PC,NO
375,2001/08/19,17:06:00,3,1831,2,1833,,,,LMM,2,0,1,PC,NO
376,2001/08/19,17:11:00,3,2236,14,2250,,,,DLM,2,0,1,PC,NO
377,2001/08/20,10:52:00,1,650,23,673,,,,DLM,3,0,1,OC,RN
378,2001/08/20,10:52:00,1,688,34,722,,,,LBD,2,0,17,OC,RN
379,2001/08/20,14:01:00,2,1230,17,1247,,,,LBD,1.5,0,17,OC,RN
380,2001/08/20,14:04:00,2,1184,3,1187,,,,LMM,4,0,1,OC,RN
381,2001/08/23,10:37:00,1,1247,23,1270,,,,LBD,2,0,17,PC,NO
382,2001/08/23,10:38:00,1,1319,18,1337,,,,DLM,2,0,1,PC,NO
383,2001/08/23,14:15:00,2,1563,17,1580,,,,LBD,2.5,0,17,PC,NO
384,2001/08/23,14:17:00,2,1783,6,1789,,,,LMM,2,0,1,PC,NO
385,2002/08/09,12:02:00,1,1619,25,1644,,,,EAM,3,0,13,OC,DR
386,2002/08/09,18:21:00,2,1741,16,1757,,,,EAM,2,0,13,OC,NO
387,2002/08/10,10:29:00,1,1241,20,1261,,,,ORH,2,1,1,PC,NO
388,2002/08/10,10:42:00,1,1517,14,1531,,,,EAM,1,0,13,PC,NO
389,2002/08/10,14:41:00,2,1668,10,1678,,,,EAM,3,0,13,OC,NO
390,2002/08/11,10:30:00,1,1694,8,1702,,,,EAM,1,0,13,OC,DR
391,2002/08/11,14:45:00,2,1356,10,1366,,,,ORH,3,1,1,OC,RN
392,2002/08/13,09:56:00,1,1127,4,1131,,,,EAM,3,0,13,PC,NO
393,2002/08/13,10:16:00,1,1134,6,1140,,,,JRL,3,1,1,PC,NO
394,2002/08/13,15:56:00,2,1198,2,1200,,,,ORH,4,1,1,PC,NO
395,2002/08/13,16:06:00,2,1410,0,1410,,,,JAW,4,1,1,PC,NO
396,2002/08/14,10:43:00,1,1226,2,1228,,,,ORH,3,0,1,CL,NO
397,2002/08/14,10:49:00,1,1302,3,1305,,,,JRL,3,1,1,CL,NO
398,2002/08/15,09:22:00,1,1339,2,1341,,,,KMB,3,0,2,CL,NO
399,2002/08/15,09:32:00,1,1506,1,1507,,,,JAW,3,1,1,CL,NO
400,2002/08/15,13:08:00,2,1566,1,1567,,,,ORH,2,0,1,CL,NO
401,2002/08/15,13:22:00,2,1558,0,1558,,,,KMB,3,0,2,CL,NO
402,2002/08/15,17:49:00,3,1520,5,1525,,,,JRL,3,1,1,CL,NO
403,2002/08/15,17:55:00,3,1727,3,1730,,,,ORH,3,0,1,CL,NO
404,2002/08/16,09:58:00,1,1507,5,1512,,,,ORH,1,0,1,CL,NO
405,2002/08/16,10:14:00,1,1827,6,1833,,,,JAW,2,1,1,CL,NO
406,2002/08/16,14:48:00,2,1433,9,1442,,,,ORH,3,0,1,CL,NO
407,2002/08/16,14:58:00,2,1872,6,1878,,,,JRL,4,1,1,CL,NO
408,2002/08/17,10:10:00,2,1584,5,1589,,,,JRL,2,0,1,PC,NO
409,2002/08/17,10:12:00,1,1631,48,1679,,,,KMB,2,0,2,PC,NO
410,2002/08/17,13:35:00,2,1833,2,1835,,,,JRL,2,0,1,OC,NO
411,2002/08/17,13:37:00,2,2060,2,2062,,,,ORH,1,0,1,OC,NO
412,2002/08/17,16:40:00,3,1881,0,1881,,,,KMB,2,0,2,OC,NO
413,2002/08/17,18:00:00,3,1955,3,1958,,,,JAW,1,1,1,OC,NO
414,2002/08/18,08:57:00,1,1650,4,1654,,,,JAW,2,0,1,OC,NO
415,2002/08/18,09:00:00,1,1627,5,1632,,,,KMB,2,0,2,OC,NO
416,2002/08/18,15:39:00,2,1899,2,1901,,,,ORH,1,0,1,OC,NO
417,2002/08/18,15:41:00,2,1845,2,1847,,,,JRL,2,0,1,OC,NO
418,2002/08/19,07:47:00,1,1449,12,1461,,,,KMB,3,0,2,OC,NO
419,2002/08/19,07:50:00,1,1514,7,1521,,,,ORH,2,0,1,OC,NO
420,2002/08/19,11:35:00,2,1629,2,1631,,,,JRL,3,0,1,OC,NO
421,2002/08/19,11:41:00,2,2009,3,2012,,,,JAW,1,0,1,OC,NO
422,2002/08/20,08:52:00,1,1337,8,1345,,,,ORH,1,0,1,OC,NO
423,2002/08/20,09:08:00,1,1514,14,1528,,,,JAW,1,0,1,OC,NO
424,2002/08/20,14:10:00,2,1540,1,1541,,,,JAW,3,0,1,OC,DR
425,2002/08/20,14:10:00,2,1496,0,1496,,,,ORH,1,0,1,OC,DR
426,2002/08/21,10:14:00,1,829,30,859,,,,ORH,1,0,1,OC,NO
427,2002/08/22,15:38:00,1,1613,1,1614,,,,ORH,2,0,1,OC,DR
428,2002/08/22,15:42:00,1,1378,5,1383,,,,JAW,3,0,1,OC,DR
429,2002/08/22,18:31:00,1,1212,3,1215,,,,JRL,2,0,1,OC,DR
430,2002/08/23,10:57:00,1,910,9,919,,,,JRL,2,0,1,PC,DR
431,2002/08/23,11:01:00,1,910,7,917,,,,ORH,1,0,1,PC,DR
432,2002/08/23,14:58:00,2,768,4,772,,,,JAW,2,0,1,PC,NO
433,2002/08/23,17:46:00,3,1099,2,1101,,,,ORH,3,0,1,CL,NO
434,2002/08/23,17:47:00,3,1049,0,1049,,,,JRL,2,0,1,CL,NO
435,2002/08/24,09:51:00,1,1049,6,1055,,,,ORH,1,0,1,OC,NO
436,2002/08/24,10:00:00,1,1105,10,1115,,,,JAW,1,0,1,OC,NO
437,2002/08/24,12:37:00,2,1469,6,1475,,,,JRL,1,0,1,OC,NO
438,2002/08/24,12:47:00,2,1337,9,1346,,,,SHS,1,1,1,OC,NO
439,2002/08/25,10:01:00,1,1351,11,1362,,,,SHS,3,1,1,CL,NO
440,2002/08/25,10:01:00,1,1252,9,1261,,,,JRL,3,0,1,CL,NO
441,2002/08/25,14:09:00,2,1155,10,1165,,,,JAW,3,0,1,PC,NO
442,2002/08/25,14:14:00,2,1204,8,1212,,,,JRL,1,0,1,PC,NO
2007-001,2007/06/13,12:39:00,,731,6,737,251,3,254,TKO,3,2,,PC,NO
2007-001,2007/06/13,12:45:00,,713,9,722,249,0,249,JNW,2,1,,PC,NO
2007-002,2007/06/13,18:13:00,,457,0,457,165,4,169,MAB,3,2,,CL,NO
2007-002,2007/06/13,18:16:00,,653,2,655,225,0,225,JNW,2.5,1,,CL,NO
2007-003,2007/06/14,10:05:00,,1141,3,1144,547,1,548,TKO,3.5,2,,PC,NO
2007-003,2007/06/14,09:58:00,,854,3,857,333,1,334,MAB,2.63,2,,PC,NO
2007-004,2007/06/14,14:54:00,,808,1,809,323,0,323,TKO,2.5,2,,PC,NO
2007-004,2007/06/14,15:11:00,,1246,5,1251,582,0,582,JNW,1.75,1,,PC,NO
2007-005,2007/06/15,09:09:00,,946,5,951,412,1,413,JNW,2.3,1,,HO,NO
2007-005,2007/06/15,08:52:00,,559,1,560,301,4,305,TKO,2.5,2,,HO,NO
2007-006,2007/06/15,16:39:00,,1048,1,1049,174,1,175,CY,3.8,3,,PC,NO
2007-006,2007/06/15,17:06:00,,1141,2,1143,448,1,449,TKO,2.5,2,,PC,NO
2007-007,2007/06/16,10:53:00,,997,3,1000,406,2,408,TKO,2.3,2,,PC,NO
2007-007,2007/06/16,10:45:00,,351,4,355,223,2,225,NMB,2.8,1,,PC,NO
2007-008,2007/06/16,16:12:00,,591,2,593,300,0,300,NMB,2.5,1,,CL,NO
2007-008,2007/06/16,16:11:00,,956,2,958,324,2,326,TKO,2.8,2,,CL,NO
2007-009,2007/06/17,10:32:00,,816,2,818,325,5,330,TKO,2.8,2,,HO,NO
2007-009,2007/06/17,10:11:00,,890,8,898,430,2,432,NMB,2.5,1,,HO,NO
2007-010,2007/06/17,15:22:00,,974,2,976,343,2,345,TKO,2.8,2,,HO,NO
2007-010,2007/06/17,15:15:00,,624,1,625,337,0,337,NMB,2.5,1,,HO,NO
2007-011,2007/06/18,09:04:00,,924,9,933,401,5,406,TKO,2.3,2,,HO,NO
2007-011,2007/06/18,10:22:00,,661,5,666,328,1,329,NMB,2.3,1,,HO,NO
2007-012,2007/06/18,14:30:00,,1052,1,1053,518,0,518,TKO,2.5,2,,HO,NO
2007-012,2007/06/18,14:22:00,,841,0,841,426,0,426,NMB,2.3,1,,HO,NO
2007-013,2007/06/19,09:16:00,,979,3,982,460,1,461,TKO,3,1,,HO,NO
2007-013,2007/06/19,09:06:00,,786,7,793,317,3,320,NMB,2.4,1,,HO,NO
2007-014,2007/06/19,13:21:00,,1104,4,1108,504,3,507,NMB,2.5,1,,PC,NO
2007-014,2007/06/19,13:34:00,,1107,6,1113,586,2,588,TKO,2.8,2,,PC,NO
2007-015,2007/06/20,09:42:00,,787,2,789,305,1,306,TKO,2.8,1,,PC,NO
2007-015,2007/06/20,09:38:00,,644,3,647,275,0,275,NMB,2.5,1,,PC,NO
2007-016,2007/06/20,13:56:00,,580,2,582,266,2,268,NMB,3.9,1,,HO,FG
2007-016,2007/06/20,13:55:00,,793,5,798,299,2,301,TKO,3,1,,HO,FG
2007-017,2007/06/20,19:54:00,,630,3,633,247,0,247,NMB,2.8,1,,HO,NO
2007-017,2007/06/20,19:55:00,,710,1,711,269,0,269,TKO,2.8,1,,HO,NO
2007-018,2007/06/21,09:38:00,,780,4,784,351,1,352,NMB,2.3,1,,PC,DR
2007-018,2007/06/21,09:38:00,,800,7,807,335,1,336,TKO,2,1,,PC,DR
2007-019,2007/06/21,13:58:00,,1037,8,1045,490,7,497,TKO,1.8,1,,HO,NO
2007-019,2007/06/21,14:04:00,,1011,2,1013,435,0,435,NMB,2.4,1,,HO,NO
2007-020,2007/06/22,10:40:00,,1038,5,1043,466,2,468,TKO,2,1,,HO,NO
2007-020,2007/06/22,10:46:00,,910,7,917,412,1,413,NMB,2.3,1,,HO,NO
2007-021,2007/06/22,16:42:00,,963,6,969,389,1,390,NMB,3.1,1,,CL,NO
2007-021,2007/06/22,16:35:00,,968,4,972,391,1,392,TKO,2.8,1,,CL,NO
2007-022,2007/06/23,09:42:00,,804,26,830,313,13,326,TKO,2.3,1,,HO,NO
2007-022,2007/06/23,09:50:00,,731,15,746,345,7,352,NMB,2.4,1,,HO,NO
2007-023,2007/06/23,15:05:00,,1042,7,1049,525,3,528,NMB,2.3,1,,HO,NO
2007-023,2007/06/23,15:12:00,,992,11,1003,462,5,467,TKO,2.3,1,,HO,NO
2007-024,2007/06/24,09:44:00,,1098,28,1126,467,11,478,TKO,2,1,,HO,NO
2007-024,2007/06/24,09:29:00,,860,6,866,394,4,398,NMB,2,1,,HO,NO
2007-025,2007/06/24,13:02:00,,1226,17,1243,516,9,525,TKO,2,1,,HO,NO
2007-025,2007/06/24,13:08:00,,1312,14,1326,638,5,643,NMB,2.3,1,,HO,NO
2007-026,2007/06/24,16:54:00,,1226,4,1230,475,1,476,TKO,2.8,1,,HO,NO
2007-026,2007/06/24,16:54:00,,889,17,906,503,3,506,NMB,2,1,,HO,NO
2007-027,2007/07/06,16:34:00,,721,39,760,148,1,149,TKO,2.8,1,,HO,NO
2007-027,2007/07/06,16:31:00,,541,27,568,97,5,102,NMB,3.1,1,,HO,NO
2007-028,2007/07/07,10:26:00,,571,17,588,189,0,189,TKO,2,1,,HO,NO
2007-028,2007/07/07,10:26:00,,602,23,625,86,3,89,NMB,2.3,1,,HO,NO
2007-029,2007/07/07,15:35:00,,411,44,455,74,2,76,NMB,2.3,1,,HO,NO
2007-029,2007/07/07,15:33:00,,354,59,413,78,4,82,TKO,2.6,1,,HO,NO
2007-030,2007/07/08,10:04:00,,634,12,646,191,0,191,TKO,2,1,,HO,DR
2007-030,2007/07/08,10:04:00,,647,13,660,171,1,172,NMB,2.1,1,,HO,DR
2007-031,2007/07/08,13:30:00,,441,20,461,123,0,123,NMB,2.3,1,,HO,NO
2007-031,2007/07/08,13:30:00,,520,18,538,138,1,139,TKO,2,1,,HO,NO
2007-032,2007/07/08,18:24:00,,549,10,559,108,1,109,TKO,2.5,1,,HO,NO
2007-032,2007/07/08,18:25:00,,562,8,570,110,0,110,NMB,2.8,1,,HO,NO
2007-033,2007/07/09,10:56:00,,430,17,447,131,0,131,NMB,2,1,,HO,DR
2007-033,2007/07/09,10:55:00,,439,26,465,122,1,123,TKO,2.3,1,,HO,DR
2007-034,2007/07/09,14:41:00,,529,16,545,154,0,154,NMB,2.8,1,,HO,DR
2007-034,2007/07/09,14:41:00,,520,24,544,140,1,141,TKO,2.5,1,,HO,DR
2007-035,2007/07/10,10:51:00,,639,5,644,176,0,176,TKO,2.5,1,,HO,NO
2007-035,2007/07/10,10:51:00,,732,4,736,111,0,111,NMB,2.5,1,,HO,NO
2007-036,2007/07/10,16:18:00,,663,5,668,109,0,109,TKO,2,1,,HO,NO
2007-036,2007/07/10,16:19:00,,574,10,584,129,0,129,NMB,2.3,1,,HO,NO
2007-037,2007/07/11,09:46:00,,460,32,492,122,3,125,TKO,2.3,1,,HO,NO
2007-037,2007/07/11,09:50:00,,515,8,523,129,0,129,NMB,2.3,1,,HO,NO
2007-038,2007/07/11,14:20:00,,485,4,489,153,0,153,TKO,2.5,1,,HO,DR
2007-038,2007/07/11,14:24:00,,574,4,578,144,0,144,NMB,2.5,1,,HO,DR
2007-039,2007/07/12,10:22:00,,527,2,529,128,0,128,NMB,2.3,1,,HO,RN
2007-039,2007/07/12,10:22:00,,505,6,511,215,0,215,TKO,2.3,1,,HO,RN
2007-040,2007/07/12,12:11:00,,650,7,657,141,0,141,NMB,2.5,1,,HO,DR
2007-040,2007/07/12,12:11:00,,646,7,653,155,0,155,TKO,2.5,1,,HO,DR
2007-041,2007/08/11,10:37:00,,984,64,1048,0,0,0,TKO,2.5,1,,HO,NO
2007-041,2007/08/11,10:37:00,,1184,38,1222,0,0,0,NMB,2.5,1,,HO,NO
2007-042,2007/08/11,14:36:00,,457,113,570,0,0,0,TKO,2.8,1,,PC,NO
2007-042,2007/08/11,14:36:00,,332,85,417,0,0,0,NMB,2.5,1,,PC,NO
2007-043,2007/08/12,10:50:00,,796,72,868,0,0,0,TKO,2.5,1,,CL,NO
2007-043,2007/08/12,10:48:00,,670,83,753,0,0,0,NMB,2.3,1,,CL,NO
2007-044,2007/08/12,14:12:00,,171,45,216,0,0,0,NMB,2,1,,CL,NO
2007-044,2007/08/12,14:12:00,,220,56,276,0,0,0,TKO,2.3,1,,CL,NO
2007-045,2007/08/12,16:48:00,,241,113,354,0,0,0,NMB,2.3,1,,CL,NO
2007-045,2007/08/12,16:48:00,,283,119,402,0,0,0,TKO,2,1,,CL,NO
2007-046,2007/08/13,09:28:00,,866,67,933,0,0,0,TKO,2.3,1,,CL,NO
2007-046,2007/08/13,09:28:00,,994,56,1050,0,0,0,NMB,2.3,1,,CL,NO
2007-047,2007/08/13,14:26:00,,1096,34,1130,0,0,0,TKO,2.3,1,,CL,NO
2007-047,2007/08/13,14:26:00,,931,33,964,0,0,0,NMB,2.3,1,,CL,NO
2007-048,2007/08/13,17:02:00,,749,102,851,0,0,0,TKO,2.3,1,,PC,NO
2007-048,2007/08/13,17:02:00,,892,137,1029,0,0,0,NMB,2.3,1,,PC,NO
2007-049,2007/08/14,10:19:00,,1271,43,1314,0,0,0,TKO,2.3,1,,CL,NO
2007-049,2007/08/14,10:19:00,,1165,45,1210,0,0,0,NMB,2.3,1,,CL,NO
2007-050,2007/08/14,15:20:00,,1275,35,1310,0,0,0,TKO,2.3,1,,CL,NO
2007-050,2007/08/14,15:20:00,,1278,53,1331,0,0,0,NMB,2.3,1,,CL,NO
2007-051,2007/08/15,09:14:00,,1399,6,1405,0,0,0,NMB,2,1,,CL,NO
2007-051,2007/08/15,09:14:00,,1468,8,1476,0,0,0,TKO,2,1,,CL,NO
2007-052,2007/08/15,12:27:00,,1132,70,1202,0,0,0,NMB,2,1,,CL,NO
2007-052,2007/08/15,12:27:00,,1132,63,1195,0,0,0,TKO,2.3,1,,CL,NO
2007-053,2007/08/15,14:54:00,,1567,17,1584,0,0,0,NMB,2,1,,CL,NO
2007-053,2007/08/15,14:54:00,,1559,31,1590,0,0,0,TKO,2.3,1,,CL,NO
2007-054,2007/08/16,10:06:00,,1706,11,1717,0,0,0,NMB,2.8,1,,CL,NO
2007-054,2007/08/16,10:06:00,,1453,24,1477,0,0,0,TKO,2.8,1,,CL,NO
2007-055,2007/08/16,13:33:00,,961,76,1037,0,0,0,NMB,2.5,1,,CL,NO
2007-055,2007/08/16,13:33:00,,1002,67,1069,0,0,0,TKO,2.3,1,,CL,NO
2007-056,2007/08/16,15:33:00,,552,52,604,0,0,0,NMB,2.5,1,,CL,NO
2007-056,2007/08/16,15:33:00,,531,79,610,0,0,0,TKO,2.3,1,,CL,NO
2007-057,2007/08/17,09:16:00,,1248,18,1266,0,0,0,NMB,1.8,1,,PC,DR
2007-057,2007/08/17,09:16:00,,1112,15,1127,0,0,0,TKO,2,1,,PC,DR
2007-058,2007/08/17,11:23:00,,1106,71,1177,0,0,0,NMB,1.8,1,,HO,NO
2007-058,2007/08/17,11:23:00,,901,68,969,0,0,0,TKO,1.8,1,,HO,NO
2007-059,2007/08/17,14:00:00,,776,35,811,0,0,0,NMB,2.3,1,,HO,DR
2007-059,2007/08/17,14:00:00,,1011,83,1094,0,0,0,TKO,2,1,,HO,DR
2007-060,2007/08/18,09:15:00,,1151,36,1187,0,0,0,TKO,1.8,1,,HO,NO
2007-060,2007/08/18,09:15:00,,1083,32,1115,0,0,0,NMB,1.5,1,,HO,NO
2007-061,2007/08/18,11:45:00,,1447,21,1468,0,0,0,TKO,2.3,1,,CL,NO
2007-061,2007/08/18,11:45:00,,1637,19,1656,0,0,0,NMB,2,1,,CL,NO
2007-062,2007/08/18,15:20:00,,1324,15,1339,0,0,0,TKO,2,1,,CL,NO
2007-062,2007/08/18,15:20:00,,1194,15,1209,0,0,0,NMB,2.5,1,,CL,NO
2007-063,2007/08/19,10:38:00,,1684,5,1689,0,0,0,NMB,2,1,,HO,NO
2007-063,2007/08/19,10:38:00,,1616,8,1624,0,0,0,TKO,1.5,1,,HO,NO
2007-064,2007/08/19,13:22:00,,1554,3,1557,0,0,0,NMB,2.3,1,,HO,NO
2007-064,2007/08/19,13:22:00,,1568,5,1573,0,0,0,TKO,2.5,1,,HO,NO
2007-065,2007/08/19,16:41:00,,1722,19,1741,0,0,0,NMB,2,1,,HO,NO
2007-065,2007/08/19,16:41:00,,1588,22,1610,0,0,0,TKO,2,1,,HO,NO
2007-066,2007/08/20,09:24:00,,1251,12,1263,0,0,0,NMB,2,1,,HO,NO
2007-066,2007/08/20,09:24:00,,1456,20,1476,0,0,0,TKO,2,1,,HO,NO
2007-067,2007/08/20,13:25:00,,1890,7,1897,0,0,0,NMB,2.3,1,,PC,NO
2007-067,2007/08/20,13:25:00,,1568,3,1571,0,0,0,TKO,2,1,,PC,NO
2007-068,2007/08/20,17:05:00,,1922,20,1942,0,0,0,TKO,2,1,,PC,NO
2007-068,2007/08/20,17:05:00,,1931,18,1949,0,0,0,NMB,2,1,,PC,NO
2007-069,2007/08/21,10:10:00,,1881,8,1889,0,0,0,TKO,2.3,1,,HO,NO
2007-069,2007/08/21,10:10:00,,1522,13,1535,0,0,0,NMB,2.3,1,,HO,NO
2007-070,2007/08/21,13:19:00,,1929,6,1935,0,0,0,TKO,2,1,,HO,NO
2007-070,2007/08/21,13:19:00,,1776,29,1805,0,0,0,NMB,2,1,,HO,NO
2007-071,2007/08/21,15:41:00,,1685,34,1719,0,0,0,NMB,2,1,,HO,NO
2007-071,2007/08/21,15:41:00,,1929,23,1952,0,0,0,TKO,2.3,1,,HO,NO
2007-072,2007/08/22,12:16:00,,1835,29,1864,0,0,0,NMB,2.6,1,,CL,NO
2007-072,2007/08/22,12:16:00,,1511,17,1528,0,0,0,TKO,3,1,,CL,NO
2007-073,2007/08/22,15:05:00,,2066,21,2087,0,0,0,TKO,2.3,1,,HO,NO
2007-073,2007/08/22,15:05:00,,1805,18,1823,0,0,0,NMB,2.3,1,,HO,NO
2007-074,2007/08/22,17:00:00,,1814,18,1832,0,0,0,TKO,2.5,1,,HO,NO
2007-074,2007/08/22,17:00:00,,2066,25,2091,0,0,0,NMB,2.5,1,,HO,NO
2007-075,2007/08/23,11:05:00,,1516,39,1555,0,0,0,NMB,2.3,1,,HO,NO
2007-075,2007/08/23,11:05:00,,1548,20,1568,0,0,0,TKO,2.3,1,,HO,NO
2007-076,2007/08/23,15:50:00,,1604,14,1618,0,0,0,NMB,2.3,1,,HO,NO
2007-076,2007/08/23,15:50:00,,1572,19,1591,0,0,0,TKO,2,1,,HO,NO
2007-077,2007/09/04,16:16:00,,937,7,944,0,0,0,CY,0,1,,HO,RN
2007-077,2007/09/04,16:52:00,,820,19,839,0,0,0,ALM,0,2,,HO,RN
2007-078,2007/09/05,08:24:00,,583,3,586,0,0,0,EMV,3,2,,HO,RN
2007-078,2007/09/05,08:24:00,,558,12,570,0,0,0,CY,1.8,1,,HO,RN
2007-079,2007/09/06,10:48:00,,179,40,219,0,0,0,EMV,3,2,,HO,RN
2007-079,2007/09/06,10:49:00,,177,45,222,0,0,0,CY,2.8,1,,HO,RN
2007-080,2007/09/07,13:31:00,,816,4,820,0,0,0,EMV,2.7,2,,HO,NO
2007-080,2007/09/07,13:31:00,,1097,1,1098,0,0,0,CY,2.5,1,,HO,NO
2007-081,2007/09/08,15:49:00,,740,9,749,0,0,0,EMV,4.8,2,,LO,RN
2007-081,2007/09/08,16:01:00,,572,2,574,0,0,0,CY,5.5,1,,LO,RN
2007-082,2007/09/09,13:25:00,,507,0,507,0,0,0,ALM,6,2,,LO,RN
2007-082,2007/09/09,13:25:00,,640,1,641,0,0,0,CY,5,1,,LO,RN
2007-083,2007/09/10,16:43:00,,355,9,364,0,0,0,CY,3.3,1,,HO,NO
2007-083,2007/09/10,16:43:00,,364,12,376,0,0,0,EMV,3,2,,HO,NO
2007-084,2007/09/11,14:28:00,,758,3,761,0,0,0,CY,2.3,1,,CL,NO
2007-084,2007/09/11,14:28:00,,570,8,578,0,0,0,EMV,3,2,,CL,NO
2007-085,2007/09/12,14:21:00,,727,6,733,0,0,0,CY,2.5,1,,CL,NO
2007-085,2007/09/12,14:21:00,,687,10,697,0,0,0,EMV,2.5,2,,CL,NO
2007-086,2007/09/13,16:38:00,,502,16,518,0,0,0,EMV,3.3,2,,PC,NO
2007-086,2007/09/13,16:38:00,,642,41,683,0,0,0,CY,2.5,1,,PC,NO
2008-001,2008/06/24,17:19:00,,964,8,972,251,0,251,NMB,2.5,1,,HO,NO
2008-001,2008/06/24,17:19:00,,679,9,688,259,0,259,BAH,2.5,2,,HO,NO
2008-002,2008/06/25,10:23:00,,665,9,674,358,4,362,BAH,2.75,2,,PC,NO
2008-002,2008/06/25,10:23:00,,936,14,950,303,2,305,NMB,2.25,1,,PC,NO
2008-003,2008/06/25,13:11:00,,712,19,731,288,1,289,BAH,2.5,2,,HO,NO
2008-003,2008/06/25,13:11:00,,692,11,703,288,3,291,NMB,2.25,1,,HO,NO
2008-004,2008/06/25,15:25:00,,776,10,786,360,3,363,BAH,2.5,2,,HO,NO
2008-004,2008/06/25,15:25:00,,632,17,649,241,0,241,NMB,2.75,1,,HO,NO
2008-005,2008/06/26,10:13:00,,939,2,941,460,0,460,BAH,2.5,2,,HO,NO
2008-005,2008/06/26,10:13:00,,630,12,642,235,4,239,NMB,2.5,1,,HO,NO
2008-006,2008/06/26,12:15:00,,976,4,980,376,0,376,BAH,2.25,2,,HO,NO
2008-006,2008/06/26,12:15:00,,885,9,894,269,1,270,NMB,2.25,1,,HO,NO
2008-007,2008/06/26,15:26:00,,762,9,771,337,0,337,BAH,3,2,,HO,DR
2008-007,2008/06/26,15:26:00,,751,26,777,284,6,290,NMB,2.75,1,,HO,DR
2008-008,2008/06/27,09:47:00,,931,5,936,430,2,432,BAH,2.25,2,,HO,NO
2008-008,2008/06/27,09:47:00,,781,2,783,262,0,262,NMB,2.6,1,,HO,NO
2008-009,2008/06/27,12:31:00,,946,5,951,437,1,438,BAH,3,2,,HO,DR
2008-009,2008/06/27,12:31:00,,955,0,955,316,0,316,NMB,2.5,1,,HO,DR
2008-010,2008/06/27,17:02:00,,880,2,882,380,0,380,NMB,2.5,1,,HO,NO
2008-010,2008/06/27,17:02:00,,859,5,864,467,3,470,BAH,2.5,2,,HO,NO
2008-011,2008/06/28,10:44:00,,1233,4,1237,547,1,548,NMB,2.75,1,,HO,DR
2008-011,2008/06/28,10:42:00,,1043,3,1046,501,0,501,BAH,2.75,2,,HO,DR
2008-012,2008/06/28,14:18:00,,782,1,783,354,0,354,NMB,2.5,1,,HO,NO
2008-012,2008/06/28,14:18:00,,1141,4,1145,613,0,613,BAH,2.5,2,,HO,NO
2008-013,2008/06/28,16:32:00,,967,4,971,505,2,507,BAH,2.25,2,,PC,NO
2008-013,2008/06/28,16:32:00,,1037,7,1044,544,1,545,NMB,2,1,,PC,NO
2008-014,2008/06/29,10:34:00,,738,2,740,359,0,359,NMB,1.75,1,,CL,NO
2008-014,2008/06/29,10:34:00,,966,3,969,374,2,376,BAH,2.5,2,,CL,NO
2008-015,2008/06/29,12:43:00,,878,2,880,341,0,341,NMB,2.75,1,,PC,NO
2008-015,2008/06/29,12:43:00,,940,7,947,454,3,457,BAH,2.25,2,,PC,NO
2008-016,2008/06/29,14:45:00,,1090,7,1097,517,5,522,BAH,2.75,2,,PC,NO
2008-016,2008/06/29,14:45:00,,891,7,898,379,0,379,NMB,2.37,1,,PC,NO
2008-017,2008/06/30,09:50:00,,654,5,659,310,3,313,NMB,3,1,,CL,NO
2008-017,2008/06/30,09:50:00,,633,8,641,288,3,291,BAH,2.5,2,,CL,NO
2008-018,2008/06/30,12:28:00,,809,3,812,360,0,360,NMB,3.25,1,,HO,NO
2008-018,2008/06/30,12:28:00,,776,1,777,333,1,334,BAH,2.5,2,,HO,NO
2008-019,2008/07/01,15:47:00,,733,5,738,450,0,450,BAH,2.5,2,,HO,NO
2008-019,2008/07/01,15:47:00,,925,0,925,254,0,254,NMB,2.5,1,,HO,NO
2008-020,2008/07/02,09:07:00,,691,8,699,262,3,265,BAH,2.75,2,,PC,NO
2008-020,2008/07/02,09:07:00,,864,11,875,124,1,125,NMB,2.25,1,,PC,NO
2008-021,2008/07/02,12:34:00,,772,11,783,219,3,222,BAH,2.75,2,,CL,NO
2008-021,2008/07/02,12:34:00,,999,5,1004,73,1,74,NMB,3,1,,CL,NO
2008-022,2008/07/03,13:40:00,,903,6,909,59,0,59,NMB,2.75,1,,HO,NO
2008-022,2008/07/03,13:40:00,,810,9,819,181,0,181,BAH,2.75,2,,HO,NO
2008-023,2008/07/04,13:07:00,,683,6,689,130,0,130,NMB,2.25,1,,HO,FG
2008-023,2008/07/04,13:07:00,,657,11,668,192,3,195,BAH,2.5,2,,HO,FG
2008-024,2008/07/04,16:06:00,,750,8,758,78,0,78,NMB,2.5,1,,HO,NO
2008-024,2008/07/04,16:05:00,,723,11,734,140,3,143,BAH,2.5,2,,HO,NO
2008-025,2008/07/06,09:01:00,,472,8,480,26,0,26,NMB,2,1,,LO,"FG & DR"
2008-025,2008/07/06,09:01:00,,510,13,523,88,2,90,BAH,2.25,2,,LO,"FG & DR"
2008-026,2008/07/06,13:25:00,,490,5,495,100,0,100,BAH,2.25,2,,HO,"NO & FG"
2008-026,2008/07/06,13:25:00,,455,3,458,30,0,30,NMB,2,1,,HO,"NO & FG"
2008-027,2008/07/07,10:32:00,,317,2,319,35,0,35,CY,2.5,1,,HO,NO
2008-027,2008/07/07,10:32:00,,436,6,442,58,1,59,BAH,2.25,2,,HO,NO
2008-028,2008/07/07,14:17:00,,738,7,745,89,0,89,NMB,2,1,,HO,NO
2008-028,2008/07/07,14:33:00,,685,5,690,104,0,104,BAH,2.5,2,,HO,NO
2008-029,2008/07/08,10:45:00,,622,6,628,32,0,32,NMB,2.5,1,,LO,"FG & DR"
2008-029,2008/07/08,10:45:00,,475,6,481,47,1,48,BAH,2.5,2,,LO,"FG & DR"
2008-030,2008/07/08,15:44:00,,713,5,718,117,0,117,BAH,2.5,2,,LO,"NO & FG"
2008-030,2008/07/08,15:44:00,,673,3,676,46,0,46,NMB,2.75,1,,LO,"NO & FG"
2008-031,2008/07/09,12:58:00,,801,4,805,84,0,84,NMB,2.5,1,,HO,NO
2008-031,2008/07/09,12:58:00,,805,8,813,121,1,122,BAH,2.5,2,,HO,NO
2008-032,2008/07/09,15:30:00,,814,6,820,107,0,107,NMB,2.25,1,,PC,NO
2008-032,2008/07/09,15:30:00,,795,7,802,160,1,161,BAH,2.5,2,,PC,NO
2008-033,2008/07/10,13:27:00,,844,3,847,93,0,93,NMB,2.5,1,,CL,NO
2008-033,2008/07/10,13:27:00,,832,11,843,141,2,143,BAH,2.75,2,,CL,NO
2008-034,2008/07/10,16:21:00,,1016,7,1023,87,0,87,BAH,2.25,2,,HO,NO
2008-034,2008/07/10,16:21:00,,1031,6,1037,34,0,34,NMB,2.25,1,,HO,NO
2008-035,2008/07/11,11:28:00,,660,5,665,95,0,95,BAH,2.5,2,,LO,FG
2008-035,2008/07/11,11:28:00,,793,5,798,23,2,25,NMB,2.5,1,,LO,FG
2008-036,2008/07/11,15:07:00,,826,0,826,12,0,12,NMB,2.25,1,,LO,FG
2008-036,2008/07/11,15:07:00,,723,8,731,89,0,89,BAH,2.25,2,,LO,FG
2008-037,2008/07/12,10:27:00,,708,7,715,44,0,44,BAH,2.25,2,,LO,"FG & DR"
2008-037,2008/07/12,10:27:00,,627,1,628,3,0,3,NMB,2,1,,LO,"FG & DR"
2008-038,2008/07/12,15:18:00,,783,0,783,8,0,8,NMB,2,1,,PC,NO
2008-038,2008/07/12,15:18:00,,426,5,431,26,0,26,BAH,2.5,2,,PC,NO
2008-039,2008/07/13,11:03:00,,934,5,939,15,0,15,BAH,2.5,2,,CL,PC
2008-039,2008/07/13,11:03:00,,786,1,787,0,0,0,NMB,2,1,,CL,PC
2008-040,2008/07/13,16:26:00,,858,8,866,11,0,11,BAH,2.5,2,,CL,NO
2008-040,2008/07/13,16:26:00,,844,7,851,1,0,1,NMB,2,1,,CL,NO
2008-041,2008/08/08,18:02:00,,956,8,964,0,0,0,MSS,2.5,2,,PC,NO
2008-041,2008/08/08,18:02:00,,1091,8,1099,0,0,0,NMB,2,1,,PC,NO
2008-042,2008/08/09,11:34:00,,1315,10,1325,0,0,0,MSS,2.25,2,,HO,NO
2008-042,2008/08/09,11:34:00,,1331,17,1348,0,0,0,NMB,2.25,1,,HO,NO
2008-043,2008/08/09,15:28:00,,1543,8,1551,0,0,0,MSS,2.25,2,,HO,NO
2008-043,2008/08/09,15:28:00,,1432,8,1440,0,0,0,NMB,2,1,,HO,NO
2008-044,2008/08/10,09:50:00,,1276,22,1298,0,0,0,NMB,2.25,1,,PC,NO
2008-044,2008/08/10,09:50:00,,874,14,888,0,0,0,MSS,2.25,2,,PC,NO
2008-045,2008/08/10,12:00:00,,1095,9,1104,0,0,0,MSS,2.25,2,,HO,NO
2008-045,2008/08/10,12:00:00,,1453,9,1462,0,0,0,NMB,2.25,1,,HO,NO
2008-046,2008/08/10,16:10:00,,1334,0,1334,0,0,0,MSS,2.25,2,,HO,NO
2008-046,2008/08/10,16:10:00,,1693,5,1698,0,0,0,NMB,2,1,,HO,NO
2008-047,2008/08/11,09:47:00,,1141,30,1171,0,0,0,NMB,2,1,,HO,NO
2008-047,2008/08/11,09:47:00,,1289,32,1321,0,0,0,MSS,2,2,,HO,NO
2008-048,2008/08/11,11:50:00,,1449,7,1456,0,0,0,NMB,2,1,,HO,NO
2008-048,2008/08/11,11:50:00,,1532,13,1545,0,0,0,MSS,2,2,,HO,NO
2008-049,2008/08/11,13:56:00,,1659,9,1668,0,0,0,MSS,2.25,2,,HO,DR
2008-049,2008/08/11,13:56:00,,1579,31,1610,0,0,0,NMB,2,1,,HO,DR
2008-050,2008/08/12,17:32:00,,1105,2,1107,0,0,0,MSS,2.75,2,,LO,"FG & RN"
2008-050,2008/08/12,17:32:00,,1107,2,1109,0,0,0,NMB,2.5,1,,LO,"FG & RN"
2008-051,2008/08/13,09:58:00,,934,20,954,0,0,0,NMB,2.5,1,,HO,"FG & RN"
2008-051,2008/08/13,09:58:00,,867,15,882,0,0,0,MSS,2.5,2,,HO,"FG & RN"
2008-052,2008/08/13,13:48:00,,1033,9,1042,0,0,0,MSS,2.5,2,,LO,"FG & RN"
2008-052,2008/08/13,13:48:00,,1022,9,1031,0,0,0,NMB,3,1,,LO,"FG & RN"
2008-053,2008/08/13,15:56:00,,925,4,929,0,0,0,MSS,2.62,2,,LO,"FG & RN"
2008-053,2008/08/13,15:56:00,,922,2,924,0,0,0,NMB,3.37,1,,LO,"FG & RN"
2008-054,2008/08/14,10:08:00,,991,28,1019,0,0,0,MSS,2,2,,HO,NO
2008-054,2008/08/14,10:08:00,,1180,15,1195,0,0,0,NMB,2,1,,HO,NO
2008-055,2008/08/14,12:27:00,,1215,9,1224,0,0,0,MSS,2.5,2,,HO,NO
2008-055,2008/08/14,12:17:00,,1337,9,1346,0,0,0,NMB,2.5,1,,HO,NO
2008-056,2008/08/14,14:19:00,,1335,15,1350,0,0,0,MSS,2.25,2,,HO,NO
2008-056,2008/08/14,14:19:00,,1354,10,1364,0,0,0,NMB,2,1,,HO,NO
2008-057,2008/08/15,10:05:00,,1143,6,1149,0,0,0,NMB,2.25,1,,CL,HO
2008-057,2008/08/15,10:05:00,,1014,24,1038,0,0,0,MSS,2.5,2,,CL,HO
2008-058,2008/08/15,12:12:00,,1231,26,1257,0,0,0,MSS,2.25,2,,HO,NO
2008-058,2008/08/15,12:12:00,,1119,11,1130,0,0,0,NMB,2,1,,HO,NO
2008-059,2008/08/15,14:49:00,,1360,24,1384,0,0,0,MSS,2.25,2,,PC,NO
2008-059,2008/08/15,14:49:00,,1407,20,1427,0,0,0,NMB,2.25,1,,PC,NO
2008-060,2008/08/16,09:35:00,,1196,7,1203,0,0,0,NMB,2.25,1,,HO,NO
2008-060,2008/08/16,09:35:00,,1048,24,1072,0,0,0,MSS,2.25,2,,HO,NO
2008-061,2008/08/16,11:47:00,,1040,18,1058,0,0,0,MSS,2.25,2,,HO,NO
2008-061,2008/08/16,11:47:00,,1050,22,1072,0,0,0,NMB,2.25,1,,HO,NO
2008-062,2008/08/16,15:34:00,,1237,4,1241,0,0,0,NMB,2,1,,HO,NO
2008-062,2008/08/16,15:34:00,,1357,5,1362,0,0,0,MSS,2.25,2,,HO,NO
2008-063,2008/08/17,10:15:00,,1052,30,1082,0,0,0,MSS,2.25,2,,CL,NO
2008-063,2008/08/17,10:15:00,,1043,21,1064,0,0,0,NMB,2.25,1,,CL,NO
2008-064,2008/08/17,12:23:00,,1275,17,1292,0,0,0,NMB,2.25,1,,CL,NO
2008-064,2008/08/17,12:23:00,,1179,11,1190,0,0,0,MSS,2.25,2,,CL,NO
2008-065,2008/08/17,15:28:00,,1387,16,1403,0,0,0,NMB,2.25,1,,PC,NO
2008-065,2008/08/17,15:28:00,,1443,12,1455,0,0,0,MSS,2.5,2,,PC,NO
2008-066,2008/08/18,09:56:00,,989,14,1003,0,0,0,MSS,2.25,2,,HO,NO
2008-066,2008/08/18,09:56:00,,1192,10,1202,0,0,0,NMB,2.25,1,,HO,NO
2008-067,2008/08/18,12:21:00,,1142,32,1174,0,0,0,MSS,2,2,,HO,NO
2008-067,2008/08/18,12:21:00,,1184,21,1205,0,0,0,NMB,2,1,,HO,NO
2008-068,2008/08/18,15:50:00,,1286,22,1308,0,0,0,MSS,2.25,2,,HO,NO
2008-068,2008/08/18,15:50:00,,1423,25,1448,0,0,0,NMB,2,1,,HO,NO
2008-069,2008/08/19,10:54:00,,905,5,910,0,0,0,NMB,2,1,,HO,DR
2008-069,2008/08/19,10:54:00,,987,13,1000,0,0,0,MSS,2.25,2,,HO,DR
2008-070,2008/08/19,13:09:00,,1299,18,1317,0,0,0,MSS,2.25,2,,HO,DR
2008-070,2008/08/19,13:09:00,,1174,11,1185,0,0,0,NMB,2,1,,HO,DR
2008-071,2008/08/19,16:12:00,,920,33,953,0,0,0,NMB,2.25,1,,HO,NO
2008-071,2008/08/19,16:12:00,,971,28,999,0,0,0,MSS,2.25,2,,HO,NO
2008-072,2008/08/20,11:00:00,,1159,17,1176,0,0,0,MSS,2,2,,CL,NO
2008-072,2008/08/20,11:00:00,,1162,15,1177,0,0,0,NMB,2,1,,CL,NO
2008-073,2008/08/21,10:27:00,,907,2,909,0,0,0,CY,2.25,1,,HO,NO
2008-073,2008/08/21,10:25:00,,924,0,924,0,0,0,EMC,3,2,,HO,NO
2008-074,2008/08/21,16:45:00,,851,0,851,0,0,0,CY,3,1,,HO,DR
2008-074,2008/08/21,16:45:00,,827,2,829,0,0,0,EMC,3,2,,HO,DR
2008-075,2008/08/22,11:26:00,,645,1,646,0,0,0,EMC,3.75,2,,LO,RN
2008-075,2008/08/22,11:26:00,,695,0,695,0,0,0,CY,3.25,1,,LO,RN
2008-076,2008/08/23,11:32:00,,1044,2,1046,0,0,0,CY,2,1,,HO,DR
2008-076,2008/08/23,11:32:00,,791,0,791,0,0,0,EMC,2,2,,HO,DR
2008-077,2008/08/23,16:25:00,,741,5,746,0,0,0,CY,3.25,1,,LO,DR
2008-077,2008/08/23,16:22:00,,766,2,768,0,0,0,EMC,3,2,,LO,DR
2008-078,2008/08/24,11:46:00,,989,4,993,0,0,0,CY,1.75,1,,PC,NO
2008-078,2008/08/24,11:46:00,,938,3,941,0,0,0,EMC,1.5,2,,PC,NO
2008-079,2008/08/24,16:03:00,,955,7,962,0,0,0,CY,1.25,1,,HO,NO
2008-079,2008/08/24,16:03:00,,879,14,893,0,0,0,EMC,1.25,2,,HO,NO
2008-080,2008/08/25,10:09:00,,834,1,835,0,0,0,CY,1.75,1,,PC,NO
2008-080,2008/08/25,10:09:00,,893,8,901,0,0,0,EMC,1.5,2,,PC,NO
2008-081,2008/08/25,17:02:00,,1229,11,1240,0,0,0,HAW,1.75,2,,PC,NO
2008-081,2008/08/25,17:00:00,,941,3,944,0,0,0,JSDC,1.75,2,,PC,NO
2008-082,2008/08/26,13:10:00,,934,0,934,0,0,0,JSDC,1.25,2,,HO,NO
2008-082,2008/08/26,13:13:00,,1075,2,1077,0,0,0,HAW,1.25,2,,HO,NO
2008-083,2008/08/26,17:21:00,,991,1,992,0,0,0,JSDC,1.5,2,,PC,NO
2008-083,2008/08/26,17:21:00,,1186,10,1196,0,0,0,HAW,1.5,2,,PC,NO
2008-084,2008/08/27,11:08:00,,946,20,966,0,0,0,CY,1.5,1,,PC,NO
2008-084,2008/08/27,11:09:00,,894,36,930,0,0,0,JSDC,1.25,2,,PC,NO
2008-085,2008/08/27,16:45:00,,817,21,838,0,0,0,CY,1.5,1,,PC,NO
2008-085,2008/08/27,16:45:00,,854,11,865,0,0,0,JSDC,1.25,2,,PC,NO
2008-086,2008/08/28,11:10:00,,528,90,618,0,0,0,HAW,1.5,2,,PC,NO
2008-086,2008/08/28,11:11:00,,629,28,657,0,0,0,CY,1.25,1,,PC,NO
2008-087,2008/08/28,15:33:00,,702,9,711,0,0,0,HAW,1.5,2,,PC,NO
2008-087,2008/08/28,15:33:00,,549,17,566,0,0,0,CY,1.25,1,,PC,NO
2008-088,2008/08/29,13:18:00,,638,5,643,0,0,0,JSDC,1.25,2,,PC,NO
2008-088,2008/08/29,13:18:00,,725,19,744,0,0,0,HAW,1.25,2,,PC,NO
2008-089,2008/08/29,16:54:00,,907,24,931,0,0,0,JSDC,1.5,2,,PC,NO
2008-089,2008/08/29,16:54:00,,765,56,821,0,0,0,HAW,1.25,2,,PC,NO
2008-090,2008/08/30,11:35:00,,811,6,817,0,0,0,CY,1.25,1,,PC,NO
2008-090,2008/08/30,11:35:00,,741,13,754,0,0,0,JSDC,1.25,2,,PC,NO
2008-091,2008/08/30,18:27:00,,837,4,841,0,0,0,JSDC,1.25,2,,PC,NO
2008-091,2008/08/30,18:27:00,,913,3,916,0,0,0,CY,1.5,1,,PC,NO
2008-092,2008/09/01,12:41:00,,837,3,840,0,0,0,CY,1.5,1,,HO,NO
2008-092,2008/09/01,12:41:00,,844,6,850,0,0,0,HAW,1.5,2,,HO,NO
2008-093,2008/09/01,17:46:00,,532,0,532,0,0,0,CY,1.75,1,,HO,DR
2008-093,2008/09/01,17:46:00,,705,4,709,0,0,0,HAW,1.25,2,,HO,DR
2008-094,2008/09/02,11:00:00,,892,2,894,0,0,0,HAW,1.5,2,,PC,NO
2008-094,2008/09/02,11:00:00,,838,7,845,0,0,0,JSDC,1,2,,PC,NO
2008-095,2008/09/02,17:11:00,,643,8,651,0,0,0,JSDC,1.5,2,,HO,DR
2008-095,2008/09/02,17:11:00,,973,3,976,0,0,0,HAW,1.25,2,,HO,DR
2008-096,2008/09/03,10:58:00,,828,3,831,0,0,0,CY,2,1,,HO,DR
2008-096,2008/09/03,10:58:00,,732,17,749,0,0,0,JSDC,1.5,2,,HO,DR
2008-097,2008/09/03,15:40:00,,892,1,893,0,0,0,CY,2.25,1,,HO,DR
2008-097,2008/09/03,15:40:00,,898,11,909,0,0,0,JSDC,1.25,2,,HO,DR
2008-098,2008/09/04,11:25:00,,785,3,788,0,0,0,HAW,1.25,2,,HO,NO
2008-098,2008/09/04,11:25:00,,664,4,668,0,0,0,CY,1.75,1,,HO,NO
2008-099,2008/09/04,15:59:00,,943,0,943,0,0,0,HAW,1.25,2,,HO,PC
2008-099,2008/09/04,15:59:00,,804,0,804,0,0,0,CY,1.5,1,,HO,PC
2008-100,2008/09/05,10:35:00,,743,3,746,0,0,0,HAW,1.25,2,,PC,NO
2008-100,2008/09/05,10:35:00,,701,4,705,0,0,0,JSDC,1.25,2,,PC,NO
2008-101,2008/09/05,16:51:00,,931,7,938,0,0,0,JSDC,1.25,2,,PC,NO
2008-101,2008/09/05,16:51:00,,789,1,790,0,0,0,HAW,1.5,2,,PC,NO
2008-102,2008/09/06,11:10:00,,648,2,650,0,0,0,CY,1.5,1,,HO,NO
2008-102,2008/09/06,11:10:00,,660,5,665,0,0,0,JSDC,1.25,2,,HO,NO
2008-103,2008/09/06,16:57:00,,419,21,440,0,0,0,JSDC,1.5,2,,PC,NO
2008-103,2008/09/06,16:57:00,,530,15,545,0,0,0,CY,2.25,1,,PC,NO
2008-104,2008/09/07,15:07:00,,477,4,481,0,0,0,CY,2.75,1,,LO,"FG & DR"
2008-104,2008/09/07,15:07:00,,623,0,623,0,0,0,HAW,2.5,2,,LO,"FG & DR"
2008-105,2008/09/08,13:20:00,,683,4,687,0,0,0,HAW,0,2,,PC,NO
2008-105,2008/09/08,13:20:00,,603,1,604,0,0,0,CY,0,1,,PC,NO
2008-106,2008/09/08,17:06:00,,931,1,932,0,0,0,HAW,1.25,2,,PC,NO
2008-106,2008/09/08,17:06:00,,845,0,845,0,0,0,CY,1.75,1,,PC,NO
2008-107,2008/09/09,10:32:00,,477,21,498,0,0,0,JSDC,1.25,2,,HO,NO
2008-107,2008/09/09,10:32:00,,497,10,507,0,0,0,HAW,1.5,2,,HO,NO
2008-108,2008/09/09,17:00:00,,721,1,722,0,0,0,HAW,1.75,2,,HO,DR
2008-108,2008/09/09,17:00:00,,566,14,580,0,0,0,JSDC,1.75,2,,HO,DR
2008-109,2008/09/10,09:21:00,,132,5,137,0,0,0,JSDC,1.5,2,,HO,DR
2008-109,2008/09/10,09:21:00,,207,3,210,0,0,0,CY,2.25,1,,HO,DR
2008-110,2008/09/10,16:10:00,,310,10,320,0,0,0,JSDC,1.5,2,,HO,DR
2008-110,2008/09/10,16:10:00,,342,15,357,0,0,0,CY,2.25,1,,HO,DR
2008-111,2008/09/11,11:39:00,,446,0,446,0,0,0,HAW,1.25,2,,HO,NO
2008-111,2008/09/11,11:39:00,,432,1,433,0,0,0,CY,1.5,1,,HO,NO
